-0.291773300386181,0.35937718373651
2.23886633130098,-2.29668265191097
-0.116680351661936,-1.17080134215793
0.522915478442256,-0.941352735446434
-0.791962335264397,-0.0469036613614347
-0.688527020383849,-0.523738754954671
-0.0347592472073376,-0.916472481773536
-0.763822164053729,0.228222632074802
-0.576878527385739,-0.141393033915464
-1.45565380603846,-1.11234758151211
0.459879852126226,0.328028960444794
0.198003118860001,0.229496275829251
-0.351149776751144,-0.634450244635664
0.660571429129331,-0.123869558393994
0.827986130691124,-0.503456269408142
-0.845753557787306,0.841254203686505
0.641720982232364,0.834127925707427
-1.4810076083001,-0.377709712400956
0.129311558954567,0.162786199964033
1.32727297278699,0.992093998743961
-0.448380173124404,-0.610726671643398
-1.09492026818927,-0.573823434562947
-2.20165126867615,1.16205336473273
-0.103504672022483,-0.335902198807283
0.134500863650485,-0.898406950476509
1.07400393839877,0.920115361575665
0.313893621697732,-0.248126240500216
1.26936892922536,0.00739765562955442
1.01954410413601,1.06091876866985
-0.171839739426296,0.81315821314005
-0.0694375246215179,0.233216737736027
-0.392799222671506,-0.272304304499748
0.0512053322032291,1.15358526305829
-1.13516024867349,-0.284727758070705
-1.52577958039176,1.14930157354386
0.235160383410262,-1.14420614663934
0.653271698861726,-0.00762302642255072
-0.106610419548273,0.0398239966987854
-0.102933874740072,-0.4776208985386
0.253437059826865,1.33822524716396
0.687330409856393,0.671741085350625
-1.00850104628505,-1.39042802994651
-1.40259165401334,-0.216112139732383
-0.962080508982025,1.41461778511543
0.21580450927926,-1.44684188228872
-0.328199525059615,-0.850521040013392
0.242419771813587,0.276353850127365
-1.31292787532468,-1.66819343500672
0.34984171682253,-0.270933644873142
0.587574965227194,-0.108706907359316
-2.05811014932129,1.98470797447401
-1.71067054898963,-2.14394717473205
1.18599810542772,0.709057056452898
0.511559421753091,0.704628285573489
0.515263607482487,0.977149466666403
2.11907431359713,-2.18850571728831
0.0248400120369988,-0.0938589759761031
-0.0627997689671688,0.0683823399522726
0.669676484476695,-0.0298688049045163
-0.598415999923428,-0.341744029240125
1.23878608510992,-0.289230162042354
1.24187591276886,1.19204505996778
1.12745277254148,0.211156788452397
0.671609031549459,-0.622123459975574
0.00519659509142401,-0.514633073087603
0.294575312877987,0.043812815609732
0.942289647719182,1.26308401426079
-1.27352298295964,-1.34803732100209
-0.221543398010189,-0.323055933939241
0.570013798965293,0.393366899230216
-0.916222708642168,0.577673511294709
-0.439192911914638,-0.650340327446053
1.02392712773376,-0.445681957598287
-0.259891787262426,-0.368417391245373
-1.87916637574878,-1.38524847442556
0.200632424607786,-0.429988198826873
2.06838953771001,-0.806475638249161
0.404705011809881,-0.769915036356112
0.59628663861168,0.188794856145301
-0.503538827854877,-0.756990450076112
0.175112234390629,0.647598641906751
2.09039916053653,0.215337201659094
-0.218516899364326,-0.908219725473913
-0.447842899037887,-0.889934699140287
0.75935302175832,-0.410789334208592
0.358915511505787,0.4815084547032
-0.382870056419691,-0.505292530943211
0.749820527315805,0.370128784151301
-0.294934509822433,-1.33209767883129
0.560458295947472,1.49941587630496
0.157845607072726,1.61024014247072
0.883254274468276,1.28323484697386
1.85761840250855,1.60537379831189
-0.0239294792672608,-0.171611941687926
-1.4659985782685,-1.59639192094672
-0.408996386357697,-0.18733701257443
-0.511625469957987,-1.80090352512797
1.2648904574848,2.05149932296882
-1.08364720062471,0.0679554424004614
0.206130128044014,-0.263411681044332
-0.728993830720263,0.117094762637565
0.774639131064294,-0.047069064982496
-0.226080090486148,-0.999663125779448
-1.18733182446198,-0.549137811840847
-1.8984561649016,-1.92110967221544
-0.955436737904223,1.64153545833282
1.84388760036258,-1.80860407022972
2.42401035976455,2.55246951711338
0.284415764014769,0.16491767811405
1.29905760071266,-1.73208644849934
-0.501015586435592,-0.153332590526009
-0.23614883928828,-0.341281617806172
-0.117032276298194,-0.591020278357591
1.07063035066584,1.63251597778022
2.80702785392205,2.81116354942017
1.23378105004849,-0.625734873202509
0.523442891046467,0.364573170711185
-0.199688519594756,0.0889173631807386
0.509573536644773,1.04737265028633
1.25652104124245,1.51506942624525
-0.944996705210067,-0.0437038620792988
0.987385922176163,-0.223081350161434
-0.47354889194693,0.902915508284389
-0.429100980738106,0.545135582246399
0.350004362081173,0.10511180267651
-0.365232280683318,-0.130527592723013
2.08979427041302,2.00968232365587
-0.0930105267255422,-0.401936942360469
-0.905741785243925,-1.54160648821543
-0.596520325099078,1.93333286948805
1.31085874786279,1.26875917087718
-2.69994954423903,1.42186205590461
-1.35782995032545,1.11021581404106
-0.724160945300045,1.39860278520862
0.721028918701483,0.628035241317456
-0.651587779672397,-0.8858443155157
-1.04380890302071,-0.552320126226998
1.19466438737948,1.27761176537195
2.05837628599578,0.0871318659554275
-0.298242538885887,0.261768670354852
-1.10840258544574,0.0748530141294889
0.241565677973437,1.40090825098896
-1.50252035769104,-1.41904735232474
-1.68449548888698,1.03844087041315
-0.0525838288088245,0.479130586383323
-0.488205412026905,-1.61932776542218
0.0975661428658856,0.16083256094549
-0.575932388346421,0.218954211312554
-0.0470013787185537,-0.541689094703594
-1.42620354535215,1.73171350862345
1.42517807999366,0.0666575411811453
-0.476241807401331,-0.452441397394121
0.677088468669098,0.309927230095247
0.793442600938975,-0.722333730887273
-0.764861272120861,0.800802865386379
0.46117772692994,-0.055859352650248
0.910720686680917,0.585650975589632
0.139389195568946,0.652686577891376
-0.0611987896478072,0.0841631714291582
0.886529444545226,0.532912349320621
-0.421281499412347,-0.659357363989958
1.21139045660837,-1.69050799414509
0.203944956486959,1.57706904382212
-0.18695014109637,-0.959098505251266
-0.871688691783661,-0.454358729811039
-0.0241397799030779,-0.104320807337132
-0.00389614644594724,-0.465538418306078
1.21084393543575,-1.87824394793057
0.0582873840341941,-1.65085827296818
-1.34987484847572,1.38046905609263
-0.505746358350537,-0.0597441934869911
-0.290299117510797,-0.178952126989394
-1.23070571266448,-1.31004928791029
-0.397363438942179,-0.197407634258165
1.35242149711307,1.40047731324107
0.0357962299530636,0.322557141279625
0.508873857824256,1.46671590982502
-0.143826571097597,-0.310083646216922
-1.76731570640071,0.382559091868555
0.283704246122765,-1.17455743932287
-1.16321541982455,-0.217643918785123
-0.365484040153386,0.0963497227249853
-0.989016417745526,-0.261793469177207
0.294930848340414,-0.912356388702844
-0.251331855870151,-0.316176249982322
0.26398519847134,-0.29553755358016
0.0562143641875232,-0.886696522440787
-0.128285307677589,-0.185890180871196
-0.58463283017126,-1.4260961042407
-2.2403062632026,-2.13970707518016
-0.761452836035611,0.330211699198381
0.825302178872603,-0.915122729055407
0.251130427830069,0.273890833371895
0.665634338432046,-0.103175890686079
0.609541319820419,0.240376583183516
0.171786600441484,0.524271134340769
0.0605221601918771,-0.182076012395457
-0.873337817486826,-0.587484452151232
-0.6185999908779,0.750180759953172
1.11458046493677,-0.362501799818564
-0.378385373062179,-0.332415692659891
-0.546333583919418,-0.23249871938067
-0.149290185207535,-0.650914307508796
-1.0854744289827,0.0482892901673174
-1.11973684339243,-1.13497856200794
-0.577350971242205,-0.161308310266378
-0.401233994775441,1.36928300209689
1.0157812276238,0.584941668321814
-1.07020603256045,-1.3319955174784
0.832111584627707,0.591816960090624
0.856272646488011,0.294471661588344
1.27990261808815,-1.0854119071147
-1.33357807692696,-1.0771025221373
0.192036019370084,-1.51320791006783
-0.828899134628872,1.16204604449355
-1.6479377161192,-1.96200438117328
0.609292947011737,0.965249229912924
1.58809452262528,0.575908644357941
-0.352242575711858,-0.587782165690906
0.815374218513658,-1.22618779292703
-0.959081263283251,1.35904945422828
0.825058431558568,-1.15279544226778
0.658648106722858,0.443699066516623
-0.360880293428542,0.481936529909687
-1.61919235924024,2.87727033208649
-0.411309513974492,-0.0712492829234019
0.309589712914933,-0.895861571182799
0.936392066184597,-1.99235985126248
-0.897429320376887,-0.54875081637582
1.37330425992944,0.583850354791935
0.262500520876413,-0.0634481528715179
-0.653834646447221,0.875198654607282
-2.37525445770978,-2.13606429494111
-0.277788841780947,0.199482009133212
-0.566597868340324,0.430537642104046
0.0211607015148421,0.438896480109631
-3.39112895976317,-3.28793587703903
-0.0444598677896271,-0.386205870724376
0.0327598526598237,0.719168610821762
0.993843244669669,-1.21992463961041
-1.49258163602732,-0.847711617160765
0.949663468863702,0.139413056999823
-1.97162070649252,-1.93092015478353
-1.31054875206312,-1.14771235229451
2.1783022964603,-2.25550717000995
0.11218127041181,0.202652109928153
0.826384084184817,-0.839532975019401
0.294772391221784,-0.378655999092782
0.410189899974038,-0.362475486886636
-0.0161172530056282,0.490849041435041
-1.11742217218419,-0.871687336056407
-2.15670916056949,2.18579255641793
-0.14910298631677,0.0301354697867425
0.738454179082979,1.083517756969
-0.134653958207012,0.0673610842513391
-1.68991323773846,-0.111830404825962
-1.75814480723613,-2.17918727063038
1.25197192327595,-1.04217634522381
-0.599039040740003,-0.559510766670894
-2.1278448070782,-2.07676922066503
-0.699938412550602,-0.386815871411696
-2.35133913774853,1.40621389923507
-2.47609109714685,-3.36364715680687
-0.0116312914399352,0.865009156282603
-0.940400372785032,-0.0457789655607237
0.216234171477955,-0.264704481778481
-1.29052468168774,-0.194223010567575
-0.748031021356214,0.1057926866112
0.554898736047573,0.733750141620374
0.143245261347443,0.59791209175235
3.00600836756586,3.1789773013101
0.544851658594536,-0.177313707074731
-0.25375495577056,0.884446386288716
0.548409031148993,0.510689724492134
-0.033423374016671,0.954005844694194
-0.78976609332215,-1.23345145689909
-2.49143427917672,-2.391356873139
-0.06998151817602,0.243412107655713
-1.33852887748509,0.0328738286290523
2.15694514188805,2.66579987185906
0.33356810372744,0.967926774576995
0.361980979541158,-0.746725661407493
0.32085204693644,0.472583698873662
0.536994509555199,0.385426912517078
0.504862252999893,0.732413278275518
1.09502348098631,1.18085374902276
-1.74501526189993,-1.70487428796314
-0.242146059332263,0.586714764386748
-0.0976679147638087,1.03660625406974
0.247564598149115,0.398809048057166
-1.12341161752855,-0.994361223824164
0.968837124079544,0.937258166612495
0.841805760342976,0.270606637564454
1.84582521323378,2.08717418488705
0.125974806080964,0.18530687809671
0.400469518137265,-0.0109547139421005
-1.45440971798982,0.151590862242716
-0.305354061714125,-1.34101714667521
-0.761564807422959,-0.883948871170322
1.10041324678343,0.852804267549619
-0.283800136785555,-0.724484577165379
-0.161458739338023,0.422850509923524
-0.716136635417786,-0.60733149998789
-1.13342511651857,-0.709199385240469
1.2889457670158,-1.51751371538181
0.633555461399649,0.408610651502882
1.8854294192434,1.46359575082499
-0.221990071499196,-0.205437480905819
-0.983540797460664,-0.977852682557355
0.395540365556401,0.353500431065155
-0.204057844244565,0.0959001538119674
0.389125473462356,0.0560866410825957
0.582153518169839,-0.776306685076499
0.95103240149296,0.685559274407454
-0.60386302294388,-0.637836101040702
-1.08235426040618,-1.3259119813147
-0.648494398585485,-0.00564918959470672
-0.881195390841975,1.2461144354344
0.572094911970935,-0.0374443991370071
-0.263245828162977,0.141923997452144
-0.443041891854819,0.0691859560023148
0.3818768654866,0.644184140738239
1.53292398521706,-0.511518183149008
-1.97697715850036,1.84642259366102
-1.47851592361566,0.0137018724322797
-0.722161583831539,0.807544737286661
0.560638250144555,0.488004109253664
-0.689903973795283,-0.901114498140618
0.967434461968503,-1.33461672541133
-0.574445752443034,0.214335224523258
-0.309373526572403,0.924807748058433
1.22571516628481,-0.118702070231532
0.054015703707661,0.741274139444288
0.369866762666974,-0.0702564285055818
1.88381790238055,2.00915249305768
-0.107301696375041,-0.474244263861949
-2.21388101874279,-2.06989571770514
-1.55473121943118,-1.27054422389891
-0.376607460745906,1.06465956977646
1.02383299356244,-0.593828982784792
0.273181477599448,0.0486514793161466
-1.23822858477713,1.37685120621054
0.456812333960882,0.0573128238636738
-1.01140356663797,0.708193035727606
0.139924162721857,1.00298026538928
0.48955088149762,0.0884315938795539
-0.866416582468129,1.4291233883599
1.91851042254808,2.35797885502643
-0.728021675399453,-0.631252696292256
1.75843454217494,1.62752137974621
0.159517862662129,0.475427499365217
0.91524274454534,-0.661489754305567
1.63993564083769,1.36199041259646
-0.587725613076608,-1.04671724224558
-1.71089836747658,-2.3006117310796
0.650728027193483,1.08941809004336
-0.482805795138966,-0.97633371019611
1.49549266691995,1.72700973839017
0.872257088947123,0.422666840205638
-0.379586137268777,0.819842291220624
0.852073264951951,-0.743397910097544
0.0454802609174303,-0.0241458318010209
0.318586762308976,-0.0268844498358784
-2.11673881117508,-1.89623215436386
-1.01522032581549,0.318079040686952
-0.0152342480189123,-0.263782955962941
2.17200141252271,-1.94109370799347
-0.0274616254980422,0.260278133503373
0.0862969266507171,-0.00849941410619634
-2.08408961944219,-1.20097202184642
-1.30137244532534,-1.35153994236407
-0.528113695554199,0.0958432724697175
-0.338627782841955,-0.6487247867852
-0.723866202283678,-0.955708611272137
1.41635010711294,0.0854722960445594
0.576734518706608,-0.192002504568901
-1.59756895989503,0.654991212942384
-1.79905235001026,2.04851931690746
0.205940984027684,-0.470174771258597
-1.64539323627315,-2.30411982184406
0.25125961965901,-0.338859483148582
-0.382660377562427,-1.30584098871307
-0.873062514265419,-1.00592086279635
0.470511596439866,0.8795114838601
-0.229758726801366,-0.103227713575183
-1.11288985742567,-0.147770103715384
1.76713086997621,-0.0224576767121552
0.170456416199853,-0.509189902794016
0.0939323140648538,0.080872454001173
0.777747656797627,0.784931865264236
0.0200593532514283,-0.211607528513104
0.512396520915825,0.721597879067634
-0.920094849355504,-1.2571800458023
-1.85661928015316,-0.116083330634232
1.51394774905956,1.15309901872164
0.850374367550434,-0.477780978320452
-0.0718665632372781,0.534080724876644
0.06774124760172,0.783491400975876
0.0297481392007877,-0.189737758859827
-0.132766198670444,1.18675114450422
0.966884943116865,0.679229856213975
-0.266254865227828,0.0950739446610317
1.12035964262068,-0.0429830778670798
-0.255061664002945,-1.01553465007161
-0.00956668387499142,0.28397084238023
-1.41428846493145,-1.05639066805272
-1.79325008704882,-1.21002829112283
0.00141511157054837,0.304219529406736
-0.986473074322437,-0.863758522950801
2.93933590349608,-2.15013815100902
0.767086779286039,-0.128787016839438
-1.1127802303142,-1.24222574607079
1.84004480291509,1.61144440409076
0.829937669414657,-0.267785761892456
0.216616057203962,-1.33133377254621
0.885973693614856,1.02021778679357
-0.633054443581943,-0.951979476716005
-0.223985351967295,-0.222723850550868
0.0290980521187182,-0.0531720722086523
-0.22444899596733,-0.653365556207568
0.753206822420554,0.139302422078691
-0.0571820257147547,-0.202034675913996
-0.929747054772625,0.709084413476956
1.54836100336555,-1.84957943809031
-0.102193394478352,0.261273851199621
1.34636162967659,1.29653125297838
-0.567673386114135,-0.529158604692747
1.00252463985838,-0.223427079154968
-0.118298098342524,-0.765440727660086
-1.36721999309049,0.842807541218173
-1.73412428540142,-1.9433996765937
-0.297075932338331,-0.590984019547581
0.373164846854726,-0.98445556113995
-0.233689932761161,-0.486280431368216
1.07229091526164,-0.316393385718419
0.184415227095662,-0.00670434541762393
0.543785423657292,0.363790574627561
-0.889619208946394,-1.17341406644098
-0.26058657546504,-0.220828697285534
0.328186597587936,-0.108607003741107
-0.769972700025279,-1.02761527179371
1.62484058802014,-0.971989739239105
0.791171349574667,0.721957768066065
1.53102904985571,0.643841609316637
0.139669077538559,0.480496838956326
-0.685058607341717,-0.811350511348011
0.481481082161213,0.889915463990827
1.14575908345932,1.16013366191707
-1.50336970541772,-1.38896215678809
1.08756690421933,-0.682627882971851
0.296699632367541,-0.162778813112187
0.129949476077427,-0.729876751345377
-0.160565387816605,0.0796027205119354
0.0232566834250601,-0.362339791190971
-1.38789872518911,-0.89763448159929
0.345747418226336,-1.01025319271388
2.14980947680568,-1.55882355113166
1.03200007445304,0.433516392446748
-0.467989189473338,0.599231547842916
1.01712824856214,-7.1825365699347e-05
-0.253948536603532,0.640914256582636
-0.578946590210691,-0.541088615369344
0.0820254756094576,-0.637074782701731
-0.00469251269243233,-0.250215644956684
-1.02267318090036,-0.881858513399237
-0.388361015572448,-0.634254630691589
0.785935809789788,-0.104203880683582
-0.577551293810832,0.910531038633791
0.771824896463104,0.20770522060589
-0.534796855302393,1.22072623964391
-1.83719176560168,1.86610742752733
-0.254858156768198,-0.214546482624196
2.62072469078089,-2.82151219687167
-1.12296095660427,-1.15816052238381
1.64629283076409,1.01904126856984
0.51478934119658,-1.1271448778074
-0.162515060162607,-0.897028662397928
0.178857598934989,-0.250208049880877
-0.126307814441302,0.0936977592025912
0.581719248646447,-0.529372350481674
0.564253068547717,-0.201035220787672
-1.58617570050819,-1.66987623077502
1.05747962301803,-0.0836445869805564
0.765419535739258,-1.02561545043477
1.26732123097251,-0.992633190205072
1.24971024861868,-1.18629444851482
-0.793749632983103,1.63324530145688
-2.81602853728911,-1.63066686399107
0.0564946072736612,1.63109244392211
0.187896999096164,0.0391495814263406
-0.145999404236298,1.45580219626917
-1.84403027455395,-1.9838090142667
0.226415377535896,0.638421954604953
-0.232013636430416,0.659603702150029
0.828302895450302,0.196907304271481
0.781125637491214,1.29161431007824
-0.409590794808389,0.372465183616175
-0.666628337752171,-0.93847252608626
2.51398612458929,-2.34805585549213
1.00200022019133,1.10232630069689
0.532576475345984,-0.279052350638966
-0.439404227275777,-0.654693653670201
0.51419541671351,0.508490106794563
0.39114380413695,0.105171833867372
-0.729378899076984,-0.407267485563367
0.548919625188174,0.646203771711898
0.962157575415434,-0.568981585829522
-0.104393560469534,0.256077364188175
-0.89276594023537,0.00924839825927558
-0.506050211026862,-0.650213361150856
-0.170214698108456,0.501050202674475
1.0684271425265,1.6581017885284
-0.255693691921769,-1.62603053014183
0.644458043223494,-0.557021923026504
0.935054838333738,0.555486129762236
0.537029534596514,-0.494648236624242
0.0489166528848995,0.115276405400934
0.510102203994962,-0.137288828417164
-0.644037187373152,-0.522609617065133
0.389095169148143,1.2199111108433
-1.15398970281557,0.0355016904671758
0.520950119963649,0.808873129483976
0.46925913425923,1.05729704218293
0.0884716113978228,-0.669703588000794
-1.26044457859243,-0.3508430793096
-0.869329777516048,1.47804319082479
0.241666542181886,-1.31358002833213
0.463018021157326,0.0968531676719139
0.849490924019354,1.012969662579
1.56196650106081,1.21208182772272
1.66668810061167,2.2516081577996
-0.803998561926341,0.210289798696753
2.85625004939972,-2.99158682575719
-1.77348615902062,-1.43150271540717
-0.619030957022563,1.74827718997992
-0.475203002183505,-1.75797915194761
-1.01433660861784,0.690145821826913
-0.676826588142139,1.00779967386843
-0.526186827769878,0.839791590910736
0.681685532153648,0.0281513082112487
-1.07948705200385,-1.18355428111907
1.06459172908771,-0.906689202301143
-0.0326991505092319,-0.189272224077945
0.700083578645674,0.773096255826982
0.428946843404573,0.607286512985453
1.10701476588813,-0.817490396318165
1.82373784081421,-0.071578626859563
0.432392916082615,-1.27180692412045
0.216915797563567,-0.860068210966114
-0.542116584122839,-0.468823486775674
-0.500437887580652,0.145740212619206
1.13809753422015,1.33050848497103
-0.265375171425591,-1.11189775814341
0.268366776289097,-0.600996836967601
-0.346477118472696,-0.584631401401059
1.78931848856175,-1.5142543803896
-1.38637214899768,0.110743720216131
-0.489613978988989,-0.589716673865705
-0.205619681049209,-0.0012116531999336
-0.252637650420018,-0.21207623114489
-0.796799852903398,-1.09253983310654
-1.12136583553158,-0.305563867980858
-0.132402148450052,0.712230060152127
1.01998061007367,1.41457746756442
-0.232471460674258,-0.167466674253933
0.420776189510666,0.285000156630858
-1.21903389345796,1.49422300787687
0.473309431946546,-0.46479541452559
-0.685305124931665,0.120555700795794
-0.965018407706307,-0.88748007748178
0.798895112098927,-0.50606582686549
0.463842566872899,0.27675274525613
2.12803331835315,2.13040066772542
1.51408192201228,-0.96142581873721
0.48531787715881,-0.494066194816592
1.09903973682523,1.67246482586592
1.50900995142987,1.2495768810638
-1.33853978691396,1.51625548190314
-0.039308087387013,-0.182138219671645
0.194060939333276,0.483182456402008
-0.783924480887063,0.13536729889426
0.955484649691278,0.941755497631881
0.399913761415864,-0.132520795787049
0.921233033367959,1.03785653499767
0.609856594403526,-0.124072543693912
-0.43870989479704,-0.851796982137978
-1.8568165255814,1.79039594544091
0.881031081862769,0.739652697599465
-0.176265105804378,0.456323816082438
-0.978640339067177,-0.492705557268752
-1.34465861551282,-1.02113921857556
0.949315872586143,-1.02917475268524
0.36155983831838,0.553275818994212
-1.62309990217603,0.976880271066789
0.16299628605628,0.944138221068526
0.684774741154579,0.267266960254391
-0.435282100234646,-0.377341794749593
1.42328274596399,0.523178679198069
0.577542677455003,-0.407113920045799
-0.494103373947225,0.00113443420936124
-0.607263849478948,-0.759777774356527
1.13294187809317,0.419389620019552
-1.49195625220243,-1.30605197147729
-0.277939980906778,-0.35292335333116
0.347938207939801,-0.77487699206978
0.10296071704158,-0.231593038854956
0.101204331445441,-1.21824343351426
-0.0265481287222274,-0.121654940558849
-2.00119193006193,1.45542189414642
-1.58171355320254,1.4082633783501
-0.543385707213284,0.533922717048285
-0.58329154376169,-0.237852384200376
0.208207069321413,-0.212299796005819
0.636191573335305,-0.811149744315217
-1.83821116635074,-1.48199910471653
0.404499634912146,-0.14299687828088
-0.422615923254497,-0.796761322041787
0.385343753880407,0.89585536856518
0.353019321598688,-0.381594744785482
0.402969312148166,1.06438068153692
0.23015602019589,-0.729640114438846
-0.411078366842682,0.878722378765477
0.0475155238253883,0.78170310850273
-0.477916575109815,-0.394631453218326
-0.527361368346698,0.792019302972689
0.556954301932059,0.965445196369896
-0.561717739133639,-0.282476714232974
1.62434756873108,-0.024430743589534
1.05158023970687,-0.538133095440441
1.11593229117606,0.995439818326947
1.34532855749658,1.21954054247492
0.568089300650206,-0.915516137249966
0.594828097528238,-0.330675862308818
0.00568669604458006,-0.838859666525833
-1.36965001812108,1.08755610438154
2.74696937204645,-2.71216625204764
-0.381566311306726,-0.0838723641458626
-0.837381177898685,0.439058262048117
1.70592711613839,1.54340891039577
1.54845810388873,0.215366984857193
0.270546000188565,0.406382527302666
-0.120426192566651,0.171363473345754
-1.76268045711186,2.30146825267725
1.89431915968372,0.857124007022367
0.436761061655562,-0.0899207678769262
-0.921500289472136,-0.477812047181678
-0.0133034704271162,-0.11903207697445
-1.12932091210054,-0.766770266438386
1.19861763606005,0.253092565354849
1.86903641585889,1.80860371908666
1.17530199826261,0.132283161674141
0.954782020223127,0.854043343164487
0.0398608257619019,-0.00803308676427712
0.144044109080515,-1.02521222119138
0.573563461020514,-0.173933310637596
-0.0059590528755822,0.603358422108028
0.41771169050513,-0.747096045335264
0.712611184699848,-0.608458449086573
-2.12664753685431,-1.69438545600671
-0.026413818626929,0.049514180768659
-0.445168960008396,-0.123333217609431
1.2486263198892,-1.4442141135887
0.94475815834059,0.315087726894014
1.17460641936297,1.01300934751991
0.168060984704779,0.164468572298066
-1.34406258088445,-0.127654873252567
-1.04320557259905,0.875645492580795
2.4143152301269,-2.0169356209972
0.459860789218909,-0.0293333428109623
0.202964435592877,-0.771542466024393
1.21653243037438,-2.41938816355847
-0.0140330133961788,0.136916263689655
0.597100778451001,0.273344092529288
2.04051240011334,1.9441050786504
0.370675400754022,-1.08580265333331
0.808703756791503,-1.06691933984409
1.32573109651147,-1.66746264516502
-0.628307589328549,-0.856506629095191
1.56117687838175,1.29410410051033
0.327824809845318,0.334024575575348
-2.98762042263472,-2.49040385247865
1.63142284467768,1.77629261029984
1.90431456299822,1.73644151436684
0.368610039123126,-0.835229390350793
-0.521377554845076,0.231809414455419
0.855451468183457,0.288849034271401
-0.595659361845864,-0.33816132345518
0.495532825727027,0.278758315782595
-1.20398120781367,1.551443103122
0.428267976199597,0.0156187908416343
-1.33222530628618,-1.730179688408
-0.18672862115135,-0.385151364710016
-0.681121327104766,0.101304187545233
0.100657577172503,0.448572815053216
1.0390500906459,1.29414723250517
-0.0683927984580252,-0.0886345812762714
-0.966601425289974,-0.908926770380413
2.12334356361474,-1.89664072170899
-0.716528559855155,-0.323887741308134
0.897842481542265,1.05381371678603
-0.853907491262892,-0.193452495044335
0.896763995463716,-0.378025983427229
-0.122174768619746,-0.147970619423539
-0.763085110052238,0.182725052153651
-0.170777180855842,-0.303082699306261
0.847466492530886,-0.97914041870878
-0.141085275965172,-0.0378265770633664
1.93005059960868,-1.84361876457836
2.52559594614032,2.59389704822905
-3.15092735065045,3.09399206275321
0.258176227589557,0.188119515318612
0.667248564407705,1.09400098041221
1.59461153825927,-0.850033740369089
0.167428857490674,-1.03134423983686
0.817577913026248,0.543835073564271
-0.189914200976598,-1.00036255606305
-0.987161632529471,1.29367199455137
-1.35335458117157,-0.472595084873011
1.08165731736777,1.43016242719008
-1.31485463652365,-0.230587672782304
-2.63677675634948,2.04218762861604
-0.804513604639954,-0.939876409049296
1.23136739573585,1.02896650719021
-0.128697007269056,-0.69602054781926
0.596792571790543,0.663649928709549
-1.56472282928096,-0.596732689216925
1.75201852446939,1.5524441248988
-1.67626033541506,1.57058456619968
-0.296597108831148,-1.82849191489508
-0.428960719967342,-0.49595174893486
-0.512551045022902,-0.515791725661361
0.539691257961291,0.880939516348057
1.14367895276335,0.102483379654602
-0.701371850716801,1.1238560030157
-0.859639874765458,0.681998249074481
0.649701547574018,-0.325780347852773
-0.178417964753535,-0.379026762240837
-0.918019486962893,0.593950311968137
0.00807491263024519,-0.780150482105611
-1.50671459517402,-0.629545840725934
-1.56044318251097,-1.56806318031071
-0.412000543255364,0.158463747560231
-0.848789126006454,-1.17010438210823
-2.21264278006989,-2.2868536853192
0.3782450489494,0.0979952200333329
0.304989112210296,-0.140441195609658
0.0451070940781038,0.190008688572834
-0.151231123659757,0.0362972289186884
0.673894938338666,1.00715474722958
1.62642973852252,1.07665915948223
-1.04535240059693,1.28675609925376
-0.293671304562586,-0.961361082697164
-0.119602923945198,0.452034973905846
-0.448426513484192,0.18080545335163
-1.38732330636722,-1.22134660930389
1.25486013093472,-1.8415677977355
0.89777113327315,0.0314008590472917
1.33122850504837,-1.14637853602934
-1.17615945126466,-0.841704497409064
0.0196799381674113,1.25264215724962
-2.23580273188432,-1.65859473358878
1.39834673648915,-1.07314767898977
-1.09867805896383,0.169565071440207
-0.387891392201122,0.0323832775148534
-0.331797046104327,0.428816244124681
-0.561656525418485,0.313654880809529
-0.00438362161032423,1.65555913498723
1.39808862827729,1.57117267268609
1.25701983176791,0.654254489384071
1.45409634676604,1.71517796374618
2.02597881648949,0.0904405212586164
-1.3469113117462,-1.77547656030261
1.37963833376278,0.730329395675738
-0.893318777199601,-0.0720876100777736
-1.17990555811606,0.757005959505225
-0.850425153039999,-1.10392123057411
0.99363395473215,1.30132756686884
-0.0357069470765385,0.239618569960815
1.37793953200901,-1.15886780155858
-0.296120728961797,0.295088762260121
-0.582534042022465,1.3802618222974
0.837575331958526,0.487068625718625
0.903722839444574,0.157113443846524
-0.303620849572656,-0.33401925411383
0.189184792725931,0.21551050033102
0.688249604863305,0.255401632083907
0.0559685456311535,0.736377082647761
1.18322354125049,-0.48743078821608
0.603368302117025,0.522067692901726
-1.37082040996594,0.357677224679757
0.659550544752486,0.313945889996351
0.10754243904827,1.05286178833227
1.13003551668125,0.353860612960376
0.187420111863311,-0.240715001888238
0.173787381280577,0.317307433600308
0.158183313208534,0.0700109756350404
-1.19570086030168,1.01401762167803
-0.480951587250746,-0.547862739708936
-0.298062456203775,1.05874651949512
-0.211877142756805,-0.289057152974352
-0.710051791106539,-0.954693560525386
-1.30791947311362,-0.744334486873007
-0.559059223366708,-0.00647878441798193
0.621702253790581,0.059757007186949
-0.580133334972401,0.677315059066677
-1.72264247457222,-0.323084019684326
0.857935022302739,-0.853039830860915
-0.382136060839371,0.57806141990473
0.8372807813395,-0.0707769988830278
1.25354026242033,0.259566912362926
-0.054894924620221,0.319060543614619
1.16765851436113,-1.072985150986
1.12494161245562,0.426500707506813
0.286937694736609,-0.0170737729295323
-0.75393199816213,-1.08022020124743
0.152613592310269,-0.324849809506611
0.3979704509001,0.448507354359356
0.898219937744282,0.843950425131763
-0.026069420206637,0.149922865120952
-0.593267074923614,-1.01013595788891
-0.942664679340494,-1.01600992318035
1.75916408635448,1.78891783499288
-0.429959891405244,-0.642799191789643
1.15595582194015,-0.232765118576237
-1.01412529744214,0.817021136635012
0.149769871851165,-0.0559791329315971
-1.04477017984865,-1.40237620546575
0.117227725517662,0.407525373956225
-0.201505140100189,0.0971239924282037
-1.30429963771805,-1.14506339717649
1.04941962345428,0.589356981732033
-1.03926882693315,-0.580077687015154
0.691845363819783,0.65886444883887
-1.90366832245139,1.41791017710694
0.709331437199479,-0.987711016944246
-2.01942330384403,2.08011673790804
-0.800407452345491,1.06083216127243
1.59960358332424,0.740865827748651
0.177089158461566,0.414556830382029
0.460857872611327,-1.18248554550083
0.496145179210663,-0.00642849883602892
0.682277663841199,0.649067249128957
1.8572253348493,1.49353439615518
0.163339831113514,0.575833602193195
-0.445552235253001,0.120360532179954
0.181641854657339,0.483172842156632
-0.000964433559874457,-0.328336945099374
-0.221900494659131,-0.407952333416464
-0.93238795527435,0.791183899869638
-0.245469528400994,-0.0366126001208399
-0.520648304618058,-0.0442946698836218
-0.276805399668254,1.40942600976442
-0.380596399725828,0.699866745446283
0.369197367367415,-0.539603246969306
1.77128370594549,1.15456757635714
0.475539916798067,-0.59753432464648
-0.749253992635729,-0.549692742518399
-1.80151283631814,1.76828547776677
-1.26489067273078,0.458857467839532
0.879100051408404,1.25417212512671
-1.18229357398572,-1.54585725546404
-0.954855391666487,0.911891423959761
-1.44389720357395,-1.47861755859567
0.900766376127939,0.0411993159288812
-1.14225780272617,-0.507567637172131
-1.74271412461289,-1.53040602814557
-1.75048496522407,2.34779297013788
-1.00889079454805,0.0923393829294653
0.0594838255761504,0.292627398966706
0.113192111937354,0.0910146432056576
1.17410953456271,1.39218348784061
0.245264483210717,0.842881441288119
1.35421293336885,-1.3259492474287
-0.888793270248194,-0.99592640879452
1.5505113795806,1.74017341490582
0.14537740408336,-0.759042284633872
1.2469292336848,1.1361128476475
1.14440502970275,0.925642014558524
-1.89885526844978,0.998002370650816
-0.249162011292416,0.485801559265918
-0.131967021321885,-0.915363992789783
0.52675570258203,-1.06860202161471
-0.995740297988376,0.645450620963087
-0.748863810719233,-0.179733430108228
-0.925629212124389,-0.571881642443249
-1.14759020170417,-0.15511370246592
-2.4449719785242,-2.55036457377276
2.32143580833825,2.66730416106315
-0.813506293444365,-1.96667426566918
0.461501761331179,0.375450721494451
-2.41763434151438,1.09162863057897
-0.145720822260523,-0.0512840990574587
-0.474901619155006,0.141228486055934
-0.844351798318185,-0.797377834359036
-0.951191649262552,-0.401606816455243
0.356367513141943,-0.257588190936513
0.231308055197378,-0.245022786896286
-0.812296224777564,0.646620641486316
2.06881005022238,1.61511195382837
1.52828164655274,2.26362419698435
-2.67130231798721,2.00464736075103
1.10060669786333,1.00949888925813
0.0537687882442546,-0.991718083445134
-0.0190026486929179,0.32606177092711
2.01526992892408,2.44703456859214
-0.423931714814925,-0.454363740725281
1.61880287474039,-0.589451761418545
1.08267486990375,2.23831032537407
0.836882852211808,1.50098578742315
0.151447265487078,-0.934457902859823
-0.639353579921106,-0.114209936573227
0.487104993326866,-0.313705841256014
0.300334543588443,0.180451699165436
-1.09981761019451,-0.0182490437653643
-1.05269052366047,0.472546062186465
1.24014521213887,-0.641704817645108
-0.912994852438461,0.0143802380363885
0.0263813579525437,-0.0394625902793457
-1.1816325481531,0.580397190938913
-0.130645179587743,-0.262272540702883
-0.361659703672702,-0.0456894522589293
1.34761712027965,1.31565686563257
-0.00126177254515588,-0.336518883105981
-0.427295917614498,-0.0474517512725929
1.80819230496429,-1.85165872356348
1.83546866837046,1.0033127250992
0.254074849789114,-1.32025555777639
0.586425608966523,0.717905160738964
0.95909581665413,0.38034142642245
-0.0358245168477423,-1.02072614534891
0.250027695850207,0.182626049554553
0.0319245253275773,0.176342039546274
0.0279033662718507,0.15385264345597
-0.914180161880568,1.09195535976489
1.50114154507818,2.22769087772528
-0.0552487332993492,-0.412364842935703
0.118107951370347,-0.040801616164069
-1.67146977347105,2.09634311761645
-0.708862655487145,-0.814673874598178
0.266256870830345,0.425630310097059
-0.0249131064000482,0.757758652289036
-0.893290433325756,-0.667591477449566
-1.28331184483729,-1.31303826084059
0.590923079604377,-0.745753322171351
1.97572607875655,1.88780060701278
0.710865791845759,-1.13148649008263
2.40190069779948,2.14820777651758
0.455525346375589,0.0767458002258773
0.328214263557522,0.177951475882682
0.42494724817379,-0.34990895042392
-1.57852630320624,-1.719697001301
0.261517955698972,0.469248293261761
-0.513999747203983,-0.568635780100968
-0.838095063819206,-0.440260123798189
-1.9565285108437,-1.96332425677918
0.396861676221225,0.393607844440099
0.586115597603724,1.01723090176608
-1.3436023609989,-0.882350315474622
0.581007254083046,0.237918055650909
-0.0802311229817922,-1.20305310880179
-0.731891195602912,0.329494430916739
-0.428932924207378,1.69973077995814
0.205583107177438,0.0904011745741778
-0.527222183710339,0.218383474235096
-1.71237488548669,1.30174426469217
0.604300505491105,-0.00861065286863789
0.620323548327777,-0.70030180382409
-0.255965025872817,0.180334135845791
-1.02616035948923,-0.869167078725911
-0.623399470125795,-0.175055224914036
1.18355718942009,-0.833632566005639
-0.667449292887659,-0.743204647191347
0.975545713134689,-1.25850601289784
1.08747999611202,-0.801166366833836
-0.527640376045579,-0.518686586660474
1.08849397240697,0.512241981927543
1.53742595127587,-1.31483263372223
-0.705201215617295,-0.884990035420723
0.364426922561913,0.275200936500613
1.29138868875946,-2.0368707988842
-1.31576175721232,1.2840474208035
1.07539001354593,1.37855466324317
0.634077752541507,0.172439002544896
1.39698019262061,-0.150199302868322
-0.303624580508354,0.497456858607144
-0.332047766621471,-0.418852806325544
0.137046525509545,-1.04788312059478
0.557874164954401,0.249087181538167
-0.462950752772172,1.19765902117737
1.19622438721241,0.68367232298151
-1.65040675022958,0.521056541769018
1.342037771435,-0.45464101411227
1.06302374693969,0.0837526552511847
-1.47417533798676,-1.69866708103547
2.49786994366497,2.21831558346143
0.342966706770802,-0.399631277573562
0.151410890288414,0.0419076153289719
1.14618184812026,1.04681364701649
0.0825415286773034,0.0320651873074032
-0.287381166509133,-0.140311689417632
0.27311669596478,-0.660492897197853
0.921451263104152,0.779213213987523
-0.466748687114915,-0.237859915574592
-1.1166466514053,-1.47034870544115
0.144589761722822,-0.579217097170464
-0.690117423477546,-0.494107324919353
-0.570714729353881,-1.16597731773534
-0.299345744849214,-1.31357627585502
-0.172568362434752,0.341473225966021
0.130205695675295,0.0601126820273674
-0.398962170216436,0.555528699171303
-0.361898530103347,-0.478353519743114
1.18193121435097,-0.071224397361177
-0.91717437460002,0.956848613069771
-1.35243714154998,0.840105713895355
1.57403926276801,0.590060124153345
-1.03668844950644,0.208821848824275
-1.20462420832765,-0.934714481661712
0.117908670927398,0.218795998477264
-0.294839441302679,0.284878156768892
1.39284299275074,0.420883300815821
-0.671137499185156,-0.672514251434544
-0.0145448462634231,-0.720993095166835
0.224919724094465,-1.17587164020076
0.948104033345221,-0.567687881934914
0.99357661027954,0.578255335852674
-0.878731330881007,-1.00729485405074
0.766932071249984,0.214996757958219
1.23970346288877,1.2323435178456
1.26778310341761,0.964306168259522
-0.834815505389787,-0.566805871000173
0.855636163085816,0.365174708124784
0.0981421151555448,0.576159800541867
0.33399178084789,0.0596262036227995
1.63231487280744,1.24460650994397
1.11757383996153,0.531568758339161
-1.14561924056557,-1.62735959602419
-0.831229434756311,0.510227800509561
1.45775921909207,-1.43798228078271
1.04982396093535,1.27597740036212
0.202530214311456,0.325466784122595
-0.665327999332763,-0.634623077796133
0.529714727076036,0.578180832842864
-2.5689195627045,-2.35512508853534
0.799048066819796,-0.719464711695477
0.0688682029529683,-0.401551497718875
0.456481113736274,-0.192558756263371
0.458628600220918,0.569975989182368
-0.547744524684127,1.22617280618064
1.24366491094666,0.863258297025369
1.08637365773153,-1.433290243808
-0.245871270158198,-0.374495754424926
-0.0415111471379849,-0.305205256903779
0.0232537122474487,-0.164600994195965
0.0796410867804483,0.126261669098763
-1.33629233046355,-0.947353622773792
0.968576736176023,-0.262117574764426
0.0195281630336938,0.552248814035852
0.654164775088187,0.230889271321537
1.1392911586785,-0.835486635282628
-1.29257663255396,0.689884516574574
0.463770726850984,0.913386676336113
-0.930966029129185,0.345907988116577
0.678828495582218,1.32132674847714
0.227226296237108,-0.171593456154391
-0.794363906353139,-0.1972794794401
-1.37269049255502,1.63407657937188
-1.90860681656272,-1.88028263720924
-0.383233261718543,0.0691299138671718
-0.595537568993824,-0.348547332349642
0.281131717138865,-0.121793940417552
-0.630061723349017,-0.800432474978097
-0.775378456667257,-0.0604555670146303
0.483744809517404,0.552972085757108
2.04415524379863,-1.54688952205709
2.20291345850493,2.17124271059553
-0.333806612329138,-0.209592264764643
-1.31412649192059,-1.10073930996008
1.76101340736037,-2.53254041656205
-0.338693885803764,0.0397370569608267
0.883969398258448,0.685095426032263
0.157407473600186,0.961923017516871
0.944572413501902,1.11632513642851
-0.0058640968307794,0.413353845433064
1.20864991233805,-0.0712489340987729
1.83802713212332,1.69125813930704
0.0451459306186185,1.03592135552199
1.96195224956978,-1.30162197754394
1.29590867701383,1.25459249331387
-0.857750409582176,-1.34839303473399
0.133662393714539,-0.293856574899562
-1.02645765563846,1.6426040000244
-1.34489078712358,-0.591377100110621
0.836707201938899,0.737991738183883
-2.25580113387361,2.30553353111851
1.15913438990844,1.17481497049403
0.631034777570737,0.891415533228282
0.147884677544259,0.486880216106045
-0.331497975023569,0.156133342661865
-0.946322924401799,-0.874099679740762
-1.66413430102244,-1.68735962113053
0.208070345789607,0.0959253727806188
-0.455877601686124,0.687170985636936
1.051855050894,-0.21783715575598
0.0393391541658646,-1.6483746421137
-0.171431425851684,0.867292676552261
0.363864300577523,-0.228796911830119
3.03090182816075,-1.82148194045555
1.17825681697227,-0.472072472373549
-0.847132731330792,1.46523618724217
0.161352353132019,0.0546611533896964
-0.21379859207775,0.52763804146085
0.413872506130323,-1.11943552226733
0.558098587284737,1.20908949106471
-1.76898726187149,-1.13276008743048
0.815691896137561,-0.573421108274965
-0.35020598907458,-0.443899066068767
1.81494375477214,-1.99056731423039
0.204174480052386,-0.287477430466723
-1.17857548850258,0.592848581158119
-1.01760520069873,-0.268918249893351
-0.0501855764272458,-0.0423413967205634
-0.952232113741987,0.0386754808094337
-0.0594858024526774,-0.26530911121701
-0.174014446770958,2.74450513785832
-1.37473135935945,2.02218108491183
-1.50789902242108,1.89397204940143
-1.93110754349652,1.71397950377749
0.472082399829743,0.846561533974109
0.0419615789101817,-0.834071459690022
-0.839254101309424,-0.618631305664561
-0.178365705906372,-0.396311841155347
0.982534591209143,-0.338602251445801
0.459378677832737,0.317068814246591
0.909817728539611,-0.177217221572456
-0.975331468364879,-1.16033084814806
0.361056704060392,1.01273896237755
-1.32116730753783,-1.99425731348057
0.689392021270433,1.17728025900566
0.366719211259338,0.420839879764089
0.0928967284939992,0.20429484836411
0.745549846436897,0.909862122640088
-0.0836453523964441,0.326060356108088
-0.316716270474523,-0.372861866301009
-0.897713694338598,-0.371769834481776
1.21401529463052,-1.25735778017518
1.91343743484624,-1.6622925433641
-0.291580777698138,-0.332315672098755
0.309615433518006,0.674604791488683
1.51654594092689,2.08508075151305
-0.466049380690131,-1.15290474388803
0.66213684332015,-1.6774924147069
-0.68582191938447,-0.882934183583835
0.747093920499529,-1.08354835009794
-0.64800935093462,0.518972670677125
-1.08226483509802,-1.42602666041543
1.40222372627515,-1.7625755987085
-0.399375333430707,-0.161819662112366
1.38545235205516,-1.13418707916566
-0.398562675089979,0.641975491919477
1.51783945021838,2.1264182451724
1.24305188919205,1.23096920429975
1.03735798570054,0.256157817667631
-0.332985260451016,-0.171471754106775
0.596364549403083,-0.270598224558951
-0.618366988575952,-0.962908192544981
0.781749025712668,1.48509888019255
-0.830572519160019,-1.19469178204264
-0.808773119186972,-0.494710549082439
1.29764341074804,-1.74456922680977
2.53416516175522,2.9455415974402
1.53374630433192,1.40029653485762
1.04148356096782,1.16728415454124
0.404133062803193,0.469889430153402
-0.374820224039368,-0.070919640221868
1.07319352152441,1.00218596222011
0.107286241969301,1.4720743616018
-0.58116893838663,-0.471662649139572
0.0141043240875666,0.619318460974687
0.0442621576260539,-0.162785979378929
-1.38701282158137,1.44471466418534
-0.818590888524407,-1.22740371038382
0.0636681933756648,1.24404623073867
-1.48451644986733,0.87178476515243
-0.391422415866786,-0.846009861343618
-2.10479743436139,2.01998012629886
-1.35456193624624,-1.35979192020107
-1.13468051736797,-0.175535085130395
0.607391613543655,1.17601246884477
-0.142510837060906,0.307619652287834
0.860887021401392,0.161041928771696
-1.09835760885448,-0.812662499315482
-0.0927393046053428,0.173378147893901
0.929992247458497,0.23745198268606
-0.920621776853583,-0.89107654507084
0.348566760585221,0.199133084654357
-1.31417063786599,-1.54754373431712
-1.153432038758,-1.00322646158308
-0.0877009804055484,0.113367339670023
0.207372493421204,0.538164180337067
-1.19474963546426,0.935430927430197
-0.00462299803309616,-1.08176334939414
-0.601272580712437,0.69114076577292
-0.893338538752217,-1.5098375895559
0.0757937281917809,-1.3212564121005
2.51383139759237,-3.05601254985475
1.28984021885023,1.38426387515428
1.18469882430025,0.906447081005204
2.39443765693676,2.25811614790991
-0.364744503310825,0.372925657931281
-1.0691473435759,1.13251657029661
-0.563920296365001,-0.295174627523354
0.271201681058102,-0.769261970331857
-0.892110083060358,-1.00586118799237
1.36474849156974,1.71602718713869
2.36500526680309,-1.82840838972778
-0.734870181818435,0.596586483934752
1.96204906010146,1.15082680321969
-1.34099821090108,-1.35146032672747
-0.835690412155246,0.569130437379701
-2.35428034463163,-1.45629144462638
-0.880999750396971,-0.892094211860802
-0.304466731673518,-0.467975957605723
0.507732008449054,0.142078103751734
-0.49251575926122,-0.475629500109904
-0.491200800024236,-1.26473937242945
-1.25893486411327,-0.261363422354073
-0.677388358023077,0.29831133936179
0.197322539138864,0.563202709437715
1.98637188233019,-2.22762297993952
0.840055275688375,0.85251701003958
2.14109079525546,2.18311460462421
1.26131821552682,-0.859137360645035
1.88503336648255,0.194328804144444
-1.25673667143006,0.920031272302102
-1.37481182578166,-1.69555606675584
-0.138921315708307,-0.55156609084604
1.05906517841031,1.30660677842792
0.733109048575253,-0.827145388169406
0.909378152058561,0.712494601376395
0.857463807617428,-0.673365420202827
1.22508642750524,0.937222513058217
-0.585854546822822,1.77687623893727
1.10105363475795,0.694479760711587
-0.423522497316254,0.842206511720276
-1.43219918674091,-1.4302058068737
1.0839623589084,-1.21595792277779
-0.267729505157746,0.638705348429319
1.14013048288348,2.29240207516953
-0.0155333463712671,-0.241041869776653
0.688383788009506,-0.535703134321715
0.116037734346346,0.542760589652021
1.60480977402913,-0.320610478931569
-1.14462437111726,-0.323203664476137
-1.99795948171732,1.2903120454675
0.473495012976778,0.377291570550077
1.63549951863191,-1.63807245375317
-0.952362010455514,1.52186691164422
1.09911761047012,1.10111251722642
0.939580752121261,1.18884247085769
0.454011567175671,0.445971589084619
0.478310854485679,0.253358120993386
-0.633187010298825,0.316721730109968
1.15768264538094,1.03548692775636
-0.783119838182258,-0.619017036975413
0.31652516139765,0.886852065984076
1.14818772667406,-0.379774372639206
-1.47950738858575,1.6216699513459
-1.02353715231829,-0.104046652771216
-1.63929217479653,-1.37806355243522
0.0920602569995409,0.313062025788746
0.215882252574259,0.177413368205345
-0.361132448022,-1.02481793382727
-1.97115243498148,-1.29394209661891
-0.0396007384980456,0.462261156953007
0.0206157429793222,0.22484872424497
-0.812220824740138,-0.159187778412762
-1.41747465952744,-0.521748475327357
-0.920240722042836,-0.0819942327148266
0.759364934251135,1.0231084846949
0.271516586560879,-0.0760358785712641
0.985275662027749,-1.32021249180347
1.59798754641024,1.41479499695769
0.665506321664582,0.385484514694516
0.0480447191939264,-1.02049885908171
0.868977760341248,0.310896418320328
2.1389647173669,-2.05549620387568
1.2121636927053,-0.764017401310556
-0.150945043221778,0.583963272601528
-0.556735398363613,-0.911031982186175
-0.223163763508072,1.15697834272175
0.249660999520032,0.172959010522855
-0.00286605273691385,1.05429647196569
0.249067092690845,-1.25884617050635
0.868995352925123,-1.45928161135004
-0.827134164110021,0.519508256992606
-0.257960649150025,-0.454823031942194
0.787422748435412,-0.608831383785747
2.17914702236874,1.87789346755175
-0.489585232032931,-0.319997892689213
-1.31705611353691,-1.97377190236425
-0.732787290015916,0.987744774127578
-0.987181261888572,-0.441534907840707
1.62759735567881,-1.80281085593533
-0.475751188069862,0.390084461511501
0.978757237901917,-0.0309019679725076
-0.0772434877864287,0.449562310196291
0.0354894000891181,-0.75686070793709
0.123156450082522,0.0993255455751245
-1.33522668149477,-0.245675418392525
0.430284396918836,0.0819777442439984
-0.864265038675259,-0.241002328673325
0.722825727010668,-0.573253667684019
-0.313324647139904,0.755519083222964
0.475987914569185,0.627026437184957
-0.686018205345345,0.105507906998522
1.4652630151087,2.03356007527624
-0.794898454428456,1.27688942534766
0.696228931567091,0.254917659420868
0.44970782411513,-1.11660319754765
1.14050769932269,1.30490177046733
1.59251637618896,1.84466119041312
-0.210785413412697,0.843083307726936
0.457035133105204,-0.326700831962791
-0.914058548193685,-0.631026752425331
1.0053761687986,0.720660408863105
-0.776020086751092,-0.875100064322086
-0.839291768884725,-0.850755507634458
-0.759434223882454,0.750540931964442
2.25146129013889,-1.99860253666774
-1.29673896268709,1.21091422379851
0.583368681713326,-2.16539502113968
0.311841243680861,-0.0252509363866482
1.04190664793384,-0.392366805377177
0.615461745923919,-0.84768673176428
-0.521402538053324,-1.14662315241258
0.913266542455619,-0.160709670033681
0.285908806184369,-0.0824032763362782
0.0814871815939082,0.00802169931049235
-1.66889365709301,1.56523742171345
0.87834724655694,-0.436877085466452
0.968772657321933,1.08192780757535
-0.690437351455458,0.431642811466994
0.0857248766269741,-0.625538539444236
0.230897750371409,-0.18404772463936
1.02781533498236,1.0721023698716
-0.745526256981115,-1.28356750833995
-0.990162226905657,0.75817507760941
1.34405471410575,-0.865213594751953
1.13834058125533,0.652622345048243
0.58717350030841,-0.0998019348966831
2.29588411534454,2.3363312874203
-0.614903984712518,-1.14749416433613
0.777720576657697,-0.898116257989069
0.426720184263478,0.0126949541340393
-1.14983099007437,-0.518059376121345
-0.4437893472001,-0.774219098837989
-0.266815556582967,0.668077859633258
-0.550419645696342,1.19378430033311
-0.00128092805369012,-0.109442613960235
0.418625677131904,0.199281596062872
-0.471191855133164,1.2476880397416
-0.191363212637053,0.748803112241607
0.417342543425444,0.726802681202116
-1.13029358739828,0.0217472503409028
1.35493098468575,0.354941848126573
-1.02849604487628,-1.01104563542904
1.53221599411708,0.227823727721176
-0.279849831434296,0.519741492871249
-0.858008265084863,0.0382656300986801
-0.158233612540515,-1.34194364610614
0.311409221809357,0.734722547047168
0.995629892622156,0.0792127085126196
0.261986177514351,0.437795006981835
0.562940939771673,0.7961979540684
-0.573409010408977,-1.0233881597721
1.3662425419556,-0.26672382005783
1.61865797022493,1.65208968717835
-1.09758391823649,1.56822700565754
-2.10534249403075,1.74150888836038
0.77782756597934,0.302507833735563
0.846228085248335,-1.16805745990814
0.120279137028932,-0.205661430161886
-0.934245226457131,-0.867711429331033
0.542427245057721,-0.112146790190428
1.00033314728579,1.08454073573557
-0.462818533300058,0.629293887021016
-0.398037076805937,-0.0341220825326042
-1.25535224387695,0.211698752739027
0.356561617679546,1.07244924694884
0.129934389286513,-0.180603487059433
1.02938959716607,1.08314359802398
0.764286400554487,0.892242219862454
-0.303535447065627,-0.583618887485282
1.58429454427475,1.62921795744307
-0.177736334787078,-0.121825297492576
1.09702365198849,-0.876231181237882
-0.535037850237802,0.703770393405426
0.592387947773941,0.121748537190016
0.738714475178704,0.404259047110976
-0.447131853413341,-0.394508962998958
-1.23473952460421,-1.37080755189175
0.240424586766462,0.118935357165101
1.07798378632227,0.791468359676443
2.32968069716938,-1.15203327847665
-0.835744880221687,-0.601782890543371
1.36994527186078,1.12489294487681
1.69558936865167,1.31414167889797
-0.633173550805101,-0.686280374033934
0.333677834436867,-0.150251951985821
-0.943606780896317,-2.01246290425112
-0.476446777178975,-1.81880019220219
1.60976169038284,-0.435273894409752
0.116501487835312,0.242832458527612
0.605825155038674,0.0416239792866368
-0.530069179404339,0.0321491634310004
0.638064097999701,-1.17933694421352
1.96753924055895,2.14712747931474
1.32722894597894,0.896710259041308
-0.939818340033603,-0.549911810822458
0.41959190175152,0.382090528031683
-1.16815489198698,-0.636733520637142
-1.87810703115651,-1.67962198241494
1.20084616547535,1.3066752920751
0.138265935496996,-0.446210511900541
1.02659129364618,1.39039250543178
0.200462533941071,1.04862977683545
0.84130105176556,0.760410862477281
0.264102645669534,-0.769972848453167
-0.0813703894210417,-0.260907245369452
0.541547456338399,-0.22505223392498
-0.422629180153356,-1.05593488252269
-0.0433728253443822,-1.05916262078693
0.00750181318699499,-2.00579047715454
-0.752053576330907,-0.29592443777246
-0.290591192363949,0.209469333055118
-0.156748649262884,-0.121675915896972
0.159410138915964,-0.773947230074795
-1.33400225764602,0.876537238859939
-2.60266719769189,-2.56137273793265
0.827116387585566,1.18628928202077
1.6675197854474,-1.50140270742678
-0.722755936753474,-0.812238125610055
0.237509094345323,0.196581489559355
-1.22702188994458,1.60939171141258
0.337526274268963,1.3645114084622
1.19456367765362,-0.741852682993273
0.454645366745553,0.353134242903258
-1.34936780275585,-1.41617500105647
-0.950022672784318,1.15202504424648
-0.614867737177425,-0.77346792217928
1.78547449920393,1.17039620208813
0.232442419914184,0.5483455424473
0.248882943393579,-0.169453334073415
-0.808472274669773,-1.02001603897945
0.0314400799127381,0.722665306496313
0.450897523071963,-0.372284567064179
-0.149355407992108,-0.340889666672752
0.386022293565585,-0.512284405768823
0.0140948373738449,-0.621377163974748
-0.248363517198184,-0.663570956848342
1.40859663937804,1.50825883658508
0.657994154860794,1.09625670864662
0.818225432809963,-0.259975521548518
1.31280036196516,1.14886447154885
-0.197147502116272,-0.47414809892093
0.779093207922137,1.19747393804599
0.643793117352192,1.8273871168767
0.249011294319369,-0.362179052375201
0.651434063822721,0.272732233303967
-1.40502082613149,0.711369644927229
0.503981569883493,0.121858554000735
-0.867275150837798,0.847378374857697
-0.45150200779148,0.158973662640856
-1.29692201783624,-0.509247258278629
-0.130938827681261,0.4182062943758
1.13186338188747,0.325695134343112
-1.38193753057683,-0.0859937460736355
1.54515177013131,-0.683694909949457
-0.301818299319923,0.528566102950173
-0.0808587709177039,0.357743969324742
-0.480799205003778,0.352483195869178
0.924267796688219,1.26869689696298
-0.598556541924547,-0.647465012847429
-1.31235391830527,-1.14211390465684
1.10386193487923,1.02628564527844
0.283461951880291,0.0124272063311454
0.211535968108355,0.22622158370839
0.819944255959049,0.52285844537613
0.136816709230786,0.0559616664374671
1.98836446422679,-1.32922266851546
0.535457337635456,0.0942043745218405
-0.486164511538124,-1.23921625241386
1.51779378134809,0.0977350389707974
0.343187434003369,-0.628519872896228
0.136122119626314,0.0742737175866148
0.861039977708508,1.49484766385755
1.2490163233782,0.791875669617525
-0.424985720463787,-0.31634981544633
-0.0983938831429068,-0.0738610875076929
0.101573524548313,-0.426486869401133
-1.92285592605478,-1.96666364558811
-1.12910027961236,-1.40173224994541
-0.304734359183476,1.01767421738262
-0.166744405379635,1.60164248592935
-2.57348101376844,-1.5987519423637
-0.862750379413698,0.270491477623122
0.484859308939458,0.844289187478192
0.629303548025702,0.0869102586793979
0.707109079230898,-0.148754068464492
-1.41022896608539,0.948917896511355
0.432998141704541,0.780781494232618
-0.0841987953002336,0.421686301270302
0.661875308971758,0.153659548731016
-0.736582339016059,0.649321738713216
-0.581842204016924,1.58645546161112
-2.0195430726561,2.80956046401009
1.5230676166306,-1.6956426507902
-1.39923052932967,-2.00780153587802
1.05990446653566,-0.11810476544032
-0.0949217913934822,0.149989491669341
-0.44732585839648,-0.998499471512175
-0.146636624505827,1.2525425715332
-0.42917892406686,-0.582314385423208
-1.28799331027135,-0.743336220036704
0.820791767586372,-0.714018811657887
2.26091816691197,2.79595533242152
0.0342240428090769,0.157639365247857
-0.433340161270039,-0.401005988419576
-0.289254859049398,0.157816082482994
1.92292022284918,2.16282852927529
0.139812053593188,-0.658173777570322
-0.679052804133315,-0.569741908198537
1.05351835402282,-0.0533295075067496
-0.74475712347453,-0.322560946179551
0.832621211691269,0.885481666459141
1.10090338708006,1.14965668473685
-1.03018521919322,-1.15395899844057
-0.578736813919975,-0.137069944644676
2.65920190643477,-2.02111488599971
-0.131751088450896,1.45134700454875
0.57105993194705,-0.505105400565254
-0.169658064220418,0.350324459699997
0.28053170531817,-0.539358550310779
-0.540175968758344,-1.08416957649146
0.604461618300489,-0.784929418125992
1.46002455541027,-0.495135967245692
1.70725346740093,-1.10664677643602
-1.16006394390782,-1.66087843706227
0.652699115253187,-0.828626390487188
-1.14510624573135,-1.50827880605155
0.321079716339691,0.0896065846588412
-0.197606106401601,-0.0767206114056753
-1.12214399210707,-1.1722471033329
0.591005779134056,-1.52368429109084
0.587877155332726,0.55469219327478
0.173029174197033,0.359550228363243
-1.28227331615608,-1.05899534865675
-1.87856833603408,-0.446963582320356
-1.1595350875706,-0.46483886057415
0.459097416831831,0.336322629437297
-0.217039874466978,0.523231988796222
-0.996778617325453,0.163186460149061
1.13353499339619,0.840003891868343
-0.0178926327092789,0.139993499213212
0.323858471231282,0.589143594289337
0.514433677627006,0.725448580070155
-0.549090979361366,1.20148650059243
1.75574537310548,1.43257702581042
0.505167029951349,-0.460931487112588
-0.114486794930283,0.0138229962251349
-1.49569076872004,1.50331520634879
1.02320537635987,1.18879946540045
-0.113994419442356,-0.919530866729649
2.39109051468664,3.0210773629165
0.362195294452006,0.888777157904569
0.612938662966429,-0.983056420586765
0.887134470321438,1.7896090014622
-0.997805979037939,0.944624679780434
0.960753249394477,0.709702547336911
-0.671833583685,0.068382435348302
-0.6936966448658,-0.0133670551476774
0.3580636641362,-0.131590590319924
-0.954616074468324,0.106488760367739
-1.63692914900997,-0.727333310951542
1.08173553480208,0.717997004592128
-1.28900081876442,-0.352403669835986
-1.38354649403291,-1.05617466831607
0.799074932283563,-0.405004463110141
-0.381868271589312,-0.418106186297327
1.56562718618027,1.65299850190804
0.705173261281054,0.974028639513253
1.95865428511698,-0.819229838433439
0.12867086204148,-0.388539093367073
1.5755168679143,1.95017231216776
0.089761882993658,-0.384207551067651
0.110295252145974,0.198423152838727
0.865142962921217,0.766285300012243
1.72949603747141,-2.30733741422963
0.558618178950443,0.925717623300896
0.718966158071665,-1.39682078492902
0.317141690611584,0.702610749467613
1.1862110268743,1.13252520564338
0.706106579115533,0.794963626884289
0.796749890931275,-0.741316235063587
0.607756996368523,0.424660485739894
-0.659223817635648,-0.303430916268953
0.042838074790658,0.198337697325758
1.25408201370468,1.33998937641498
-0.0089853004682229,0.46162164743058
0.0529606994143879,-0.483533226023975
-0.881588397132773,0.316270499998026
-0.187844085883202,-0.307192846666867
-0.442560171195193,-0.162760748593664
0.747221000088948,1.29307618033241
1.56676905790137,-0.929636683068956
-2.28942381125105,-0.894402056712709
-0.0561734085909391,-1.15574020722149
0.217559971015046,-0.966414673558186
0.50411940589469,0.0223565001915545
1.68879364732414,1.18753694323821
0.967567427272429,-0.398491999662539
0.139224765015192,0.130523369750806
-0.103385879984612,-0.287987141022903
0.158790253862384,0.33432372847843
-0.236805510542081,-0.377501180468658
1.84890235509929,1.55258270419059
1.21715719780855,1.40906723482477
-1.42198848221924,-1.09601976859034
-0.256724981981275,-1.14975841419103
-0.0143951770753621,0.874060663656428
1.39821862524891,1.2870915979463
0.836015888938484,0.521627785510676
0.00993487098745446,-0.279283604955988
1.56392363187854,1.96393249983589
-0.486229199347388,-0.59355643385544
0.537121250310203,0.705805337561636
0.725123484283492,0.902026105647606
-0.298266381757312,0.220662708837667
-0.559394897975681,-0.459038466005017
2.00415057900493,2.00437445506829
0.146882444562578,1.06792320721888
2.0364793745316,2.17437916408796
-1.44540644938586,-0.158358379453139
-0.696236515601084,-0.460119618440552
-1.05145826615154,1.26565986359486
1.06055193709041,0.193992215570881
-0.0601851507836491,-0.530612242609441
-1.26955193316017,0.356254519238202
0.293420854229619,0.198642614448159
0.254556383619171,0.582578188690478
1.98621020248712,1.413151483792
-0.410994233137434,-0.050918933884083
2.21491394717975,2.33415680177294
0.201679972662152,-0.728000108943105
0.115992512075948,-0.22738607828756
-0.746758544875884,0.538317238175851
-0.307693271828578,1.00153457975658
0.400839564546195,0.345597959078507
-1.72992241389769,-0.495096698207695
-0.923858141288958,-0.347358669572208
0.491565601163531,-1.05359934363934
0.188360019358038,0.806166853671296
1.37088219702615,0.730550767541447
1.14292384712729,0.351274529401711
-1.61690207672574,0.473399751751646
1.00965927874241,1.97948740131429
0.110187867319008,-0.344057963685959
-0.329685856818698,-0.441153539148346
1.36935104200467,-0.05861416445805
-1.01347610106067,1.03512636479134
-0.536861285758095,-1.33192962653985
0.481089143061736,-0.497176991597895
-1.02256890040585,-0.536498787588318
-0.0732160969499213,-0.0649199490439996
-1.05141617120601,-0.880051317654929
0.0717143643481702,-1.08022755151066
0.108793571768875,0.0145894586553126
-1.15333432985188,-0.314036826970348
1.02923453847226,-0.968009895988872
0.673020822225483,0.282066309136848
-0.99472377500654,-0.859449500490919
0.662658246778125,-0.343200163339085
1.69435235020839,-0.213681079025936
-0.705897203311877,-0.374173321821344
-1.30499475922896,1.58937511037836
-0.590282925387503,-0.646742974676695
-0.0974961181919398,-0.424998383023097
-0.508867927184237,0.404847488113934
-0.801826241570421,2.10456768513365
0.0435813586498754,-1.68845002526598
0.245555796383807,-0.141028848959271
-0.565483090652614,-1.0111354233944
-1.40653691431987,0.984800498905336
-1.93896260756838,-1.78902682067686
0.147380650084584,-0.277316439965732
2.75269095145472,-2.05899424627854
-0.384943477601247,-0.282989552524825
-0.729501476563301,-1.39846267588495
-1.84612770288454,-1.1467668368345
0.266048909820447,-0.284110592097493
-0.323196765610332,-1.05565850585451
1.3684836811074,-1.43233071065419
-0.409429296579466,0.0147252531737146
-1.02463739121702,-1.34436992349965
2.48089538106815,2.4155923763685
0.673536446289275,-0.00270810122773301
-0.778448157536974,0.949083672693227
0.0310089113853445,-0.191446116594118
1.60694288849384,0.119792560971954
-2.57801814942791,-2.70993257666259
0.793881446109335,-0.835179411494789
-0.349157922370957,0.229174633211805
-0.213167000210484,-0.203471022275336
-0.0803132385844625,-0.533468570185741
0.645152568118859,-1.47006403715307
0.533706680799861,0.515254114563908
-0.23631372348272,-0.549735974308588
-1.18107673127233,-1.81110146022282
-0.179695045052901,0.726165625187777
-1.82322454690635,-2.19294570788634
0.599722720586293,0.81041081030413
-1.15495096801173,-1.12178173410861
-0.781674792400043,1.67313668812277
-0.271496408982729,-0.17802101680266
-0.0543823257741538,0.328099818915412
2.16590251656613,2.02175604394371
0.390377455519281,-0.980005433808472
-0.980776903975795,-1.00211921499796
1.16158649714002,-1.08903220944075
-0.609987255290155,-1.14785195506698
-0.883178075240333,-1.20302877199008
-1.44135587468147,1.20506263169628
0.260357078364823,0.133880546149287
1.60771899406421,-1.10479053696582
-0.126867214973718,0.355585263522166
-0.742800263933609,-0.300992709845466
-1.89029913418234,-0.109512014620462
0.0845925698130812,-0.018501906258209
-0.221371534993128,0.754739348871317
1.14704778618769,-0.989158528199303
-0.380153078947119,-0.323466581308662
0.499004425668898,-0.0316189123735595
-0.586194527691607,1.62705684004686
-2.65232591827527,2.85744252126612
-0.617477258684657,1.05943536824644
-0.0697654693436923,-0.818236625528069
-0.0841800555897164,0.246728642389761
1.49988137255508,-1.69900114271044
-0.748453563840481,1.52182340505842
-1.05300180183923,0.66679430864194
-0.260410361738768,0.691532081054254
-1.25384956493521,-1.3187653572532
0.0902541018812479,-1.04477648383721
1.95530064444741,1.87680252729214
0.339364861142586,-0.151382936754656
-0.401732392168856,1.2449367650272
-0.270371072449202,-0.458081291755955
-0.965694348125397,1.02433159382105
0.357257911728979,0.333113661034589
-0.394616737491521,-0.172098151357819
1.62866108884276,0.809433570099969
1.40535252490088,1.10676041665404
-0.0679631236775075,-0.0708262542974539
0.796057091810506,-0.357894706497191
0.328447361871899,-1.37047589963403
-0.451780814191532,-0.284582860300837
-1.38413676877037,0.440979890837772
1.76911065097175,1.39735546949111
-1.05978135768396,-0.251058229898568
-1.0041822364998,-1.19736654769508
0.891640447423071,0.335057373502327
0.107473586985103,-1.42849696408401
0.507036878107574,-0.504692743304224
-1.04637472809563,0.300739113333047
0.140081764317073,-0.519579024500901
0.0233365468043465,0.288198571330795
0.00641500311578235,-0.199939320769181
-0.53906444775673,0.513391956546994
0.879057177813923,0.626665220386469
-0.350236619314072,0.0525691762011323
0.00196352896927069,0.0725884857698655
1.47260963010121,-0.185335802113798
2.59210246152927,2.68243262263674
0.254970277454268,-1.1323015269962
0.189528279533777,2.25240782552946
-0.239401587571686,-0.684828838821822
0.830442139079151,-0.28537911985724
-0.587003519737738,0.0667927831295514
0.345474110478378,-1.08510625933511
0.889737268922622,1.37010517318712
0.279344235008906,1.55302131625119
0.790487615868065,0.539946614867806
-1.42705743168167,0.252434199642768
1.07104263451107,0.856666199413091
1.96244943392673,-2.09209637492285
-0.4331727415945,0.87433033891221
-0.0781330783900091,0.0190292128137964
0.761616422247387,0.836351092551583
0.255627307839532,-0.527738225380562
-0.103503112820299,-0.0744214206955182
-0.290263490790265,-0.356685084667553
1.16317984038287,-1.19142003528114
-0.172414865116631,-0.11931282132853
0.33774525044522,-0.0818747958049807
1.6023384329405,-0.192195869221527
-0.531524235456768,1.2548271939884
-1.34768166719481,0.0293551467942092
-1.35332263330139,-0.789868649771549
1.29349999210468,0.757727512818647
0.759078846627264,0.0656782867556822
0.997027486444943,0.737564187186404
0.0546143002545976,0.417284701600112
-0.287422730793673,-0.555491908110017
0.113580086442098,0.0243595863754961
-1.06245274592729,-1.15165024811251
1.70774167938398,1.49474362735459
0.742648624391811,0.156287939594145
0.00182923715101869,-0.197202767432469
-0.199184842735019,-0.202762102951882
-1.08918973041581,0.7561638527053
-0.294448570243888,-0.656817021153085
-0.652280174572123,0.0136981129227766
0.236181744231356,-0.425751333857992
0.485401513784919,-0.285161726344693
-0.125325977074398,-0.788363646734097
-1.85289934286588,-0.83297679242317
-0.338208891180099,-0.201152295458486
-0.281923595674041,1.20976473837249
-0.0911245013465061,-0.32045115039391
-1.66924432033193,1.59258369769229
0.207045741701866,0.712582471309104
0.738084708256492,-0.0280107998840437
-0.0536283133472043,-0.316681343682787
0.0493886349010566,0.896017040878127
-0.0342955648673083,0.0359456040341045
0.266027091710509,0.696914148372069
-0.977088493134031,1.42944997013709
0.803255228292819,0.730265456505829
0.525506453167639,-0.727748900089549
-1.4800111097439,-1.42983004903273
0.635144692006202,-0.751242566509048
0.445339705853513,-0.774264984539034
-1.10908681018231,1.42759259298636
0.438164959589965,-0.0500866467585562
0.497165944885003,-0.243576232800698
-0.404848810457702,-0.27809659914868
-1.21946969508301,-0.0173776461460804
-0.625932002103098,-1.02998195687331
0.887364971696846,0.72787966836987
-1.13703880121794,1.04564161485594
-1.38143493387338,-0.947118448693339
1.57261490302178,1.31587448923626
-0.193585380074329,-0.13119288757284
-0.0676758201615051,-0.481634808049001
-1.60452753481979,-1.41391208979095
0.931844499047184,-1.35888389995046
-0.973866833604077,-0.395149382065327
-0.597029876970626,-0.179574217194626
-0.221214020731567,-0.192299750503812
1.29372854888531,0.469593452035981
0.717366270437946,0.37239887385134
-1.55366823449651,1.67352114635334
-1.61349307391071,-1.53116072726506
0.342800243487343,-1.07489737202936
0.438639626468476,0.0709598712425573
-2.0486698081372,-2.03982763504888
0.90095030516274,-0.923789476459427
0.0762201124296171,-0.159204746032091
-0.324147897701878,0.321202175685323
-0.369002327247135,-0.013135066339726
-1.89946749852171,1.8202289615483
-0.955865336758874,-0.654255053743303
1.43718531057919,1.56430448028222
0.469520846675054,-1.36222540548622
-1.07423815581273,-0.248574234532311
-0.818852290750015,-0.687956747785502
0.774669343146619,1.22056008708899
-0.842676251798855,-0.55758898669657
-0.597771888592015,-0.0537537670191308
0.133612763697938,0.356913346091799
-0.220759817500449,1.27661983602198
-0.286791309345332,0.257699309832017
-0.492711465677334,-0.274450110585235
1.93237870425582,-1.7156483380775
-0.0674221841470385,-0.778887455718339
-1.09504650408376,-1.11122593246639
-0.181278149106702,0.286304960659589
-0.0260441052088517,-0.283542248595877
0.533537073902557,0.218665437286383
0.94539354534058,1.4276330065491
-0.875461638331675,0.522052520404945
0.206005733245415,-0.79072715797395
0.28442217782654,-0.208894875556695
0.341854788630086,0.609124241280094
-1.19339402842426,1.3515861907897
-0.561597707076677,1.30090841423344
0.0625810202972246,-1.23564885013397
-0.45565388509815,0.035864428913857
-0.379554625327476,-1.11949360078104
-1.67331931668433,-1.48825345199909
-2.08011097146654,-1.8753740515368
0.539590112559071,-0.561124567594553
1.03070796124722,-0.145690115013819
-0.141786418859106,1.76579545443423
1.77251814810508,-2.2572560486204
1.23164940307186,0.846176241015297
0.615172945947607,0.374831665834981
0.381051196249698,-0.929503173047965
-0.206162434973185,-0.943111204246216
0.981408576082597,0.436878751097486
-0.859898378648908,-1.00924134046356
-2.42435332560942,2.71289038473669
0.358540010084483,-0.524251173860099
-0.702934668341562,0.491412043425016
-0.138271636508561,1.06072524243051
0.68598103701429,0.965398894166233
-1.6881246427535,0.758934308721256
-0.182541823978317,-0.141940244353781
1.03937111045937,1.49417047464093
-0.934380244896467,-0.01686747402537
1.29101298707037,-0.566942257961061
-1.33041603567217,-1.01998048798501
1.19903635237905,0.669095801693193
0.657436581773554,0.146304736625132
0.173129365294257,0.955564212093489
-0.117368060707438,0.749362800473899
-0.934313941061407,-0.500722744875187
-1.04236012373206,1.78242920288606
0.223743109574734,0.352188398612302
-0.203672912117127,0.176314263066647
-0.0510449905027729,0.863147899468903
-0.311717771370637,0.0312885009171796
-1.04542214225964,-1.42211080091694
0.289616981868537,0.0288598201937733
-0.132658445217791,-0.617463417526269
-0.455582412899657,0.351485349271894
-0.999819353380455,0.775557214783113
-0.0878586141029025,0.533869990317802
-0.0823323180688321,1.780850885167
-0.278427350626011,-0.300019846795572
-1.09172606531012,-1.01504657418081
0.0214291151180981,1.05534851754986
0.997814170197332,1.0769351735851
0.817112909079684,-0.588686550806318
0.425724422267216,0.824442651718754
0.157492783239431,-1.30272837131932
0.0486974672500355,-0.272397109977593
-0.398197969577622,-0.736553637113393
0.553103793929626,0.7885153755543
-1.48935377770636,-0.0571639553545229
1.00326148672773,0.383911649056682
0.783401865607937,-0.146821500886545
-0.735115419907285,0.67711961196223
-0.151667101024977,-0.0770393720220003
-0.966591701332979,-1.91161223294396
-0.451768740132746,0.105613491942925
0.630521028173367,0.472883730606731
-0.235366924369533,-1.07026994943102
0.592943974143017,0.979039555628105
0.488783147402774,0.0469838621068948
-1.06975871890616,-1.04858710823275
1.25904606442388,1.04201269748605
0.176437410187351,0.116452422417301
-2.14329795850059,1.12144095821087
-0.690507380673534,0.214494292504574
0.52343153067325,0.0101924581382658
-0.650124576190664,0.0632321050713548
1.51316363208533,0.560096644556979
1.45884746224954,1.53706177561113
-0.319014817145293,-0.707430498513351
1.04001984302129,1.2837988093285
-0.390187680059621,1.62124086722884
-0.588881001086613,0.134645348007294
-0.666968291851664,0.192533128423729
-1.4887971911363,1.57527561459094
0.218442461043261,-0.368123475363899
1.21857889474172,1.59617928945702
0.158653670280746,0.820269610582323
-0.912486636316613,1.13561397684011
0.258911259187835,0.155637391134008
0.139228902903398,0.358600566372317
-0.219525311989112,-0.207689642324688
0.251601293149689,0.0392173351221485
0.428749420686563,0.317740185676192
-0.954051574939319,0.682563197961544
0.16640555423801,-0.417241010383702
-0.58306558860681,-0.830228174044325
-2.06263562432279,1.6363197171316
0.891957007349427,-0.451740230447742
-0.609990791711564,0.415281315387422
-0.432627004119477,-1.0451423906941
0.260176473052775,0.00514054017515649
-1.55048104655026,-0.0524837914633666
-0.751878341636685,0.43642581305369
0.330493688221304,0.251983240045351
0.731557231625325,0.0609390159714072
0.569669987824711,0.208574326721602
-0.216699706681206,1.33826137160705
0.448003865058762,-0.0388471782841899
