1.98253948057757,1.74125516456561
-1.594500455322,-2.30415571260292
1.10870307336422,0.902487664250224
-0.0644211685965206,-2.53926457052797
-1.25949583810804,-0.920203208292286
0.301345152967121,-0.50541812797067
-0.652706329396196,-1.04151189290435
1.23037980525555,-0.431351251520194
-0.843554544048114,-0.871288876415081
-1.21104359139034,-0.279924062628763
-0.0524672731260749,-0.369118750766357
0.958650988874637,0.839360062711784
-0.430556866606911,-0.407902326596944
1.10194780811095,0.442618903940614
1.22584541997176,0.997116758408564
0.809368954175826,0.550285905162588
2.19727754855107,1.9222323158704
-0.456826758959761,-1.0689623200032
-0.765687796304663,-0.0313998598388627
-0.550543856772961,-0.317710605933952
-0.314257143649341,-0.47957309046098
1.61062074184553,1.5568479388677
0.731826120739291,-0.159668969063097
-1.27050908265309,-0.396361399859839
1.34495867209219,1.37985751796421
-0.877445865610563,-1.62605754780749
-0.752488686086395,-0.49626630812234
1.04604572924208,0.0269613502402295
-2.0050991998293,-0.341704221514856
-0.738876972050669,-0.278163117722972
-2.63668676433861,-0.900518944576418
0.233064079308314,-0.938016362039534
-1.99602919696536,0.0370042173012421
-1.13060200966358,-0.864569710947613
-2.36361047709876,-0.78247738995154
-0.179152875440688,0.117934585926423
0.535575083598464,-1.00482683732319
0.447488056948225,-0.128049772472845
0.573484246217758,-0.657042185993304
-0.689152711977635,-0.33603977400221
0.270319563842132,-0.159700220521438
-1.48562696318014,-0.614335897673903
-0.338402472002911,-0.877315060696197
0.678622581676332,0.40361957099863
0.0683009049248944,-0.4622050650218
1.15163872415644,1.34353966669886
-0.672008886840596,-0.434474885786202
0.370175117532522,0.126290340271241
-0.386513569474133,0.847927061958662
0.0905053999145293,0.303412373730079
0.0692718670219451,-0.865577387249292
1.16589225683715,1.25901408879474
-0.432382854063174,-1.63685178841633
-0.291083109122162,0.290719318862563
0.0216116144836474,-0.0108169265493379
0.555647318325609,1.06422104354945
1.70822884315766,1.10108980354042
-1.42766723878317,0.233996421950954
0.614867386075061,0.335057661509442
-0.118016487089383,0.861728329438423
0.625774860347466,0.262728802276501
-1.21507763659806,0.350086947379826
-0.331604204091045,-1.97564586650181
0.133381352634766,0.225737357178796
1.6992249475959,1.95133577888752
1.18807236604635,1.63285887794086
-2.1138115137738,-0.74045489171185
0.662483567560487,-0.108836980644137
-0.185863357841603,-0.490082973976211
-0.110501992095478,0.667587300979273
0.960083996885053,1.03010992600969
0.233390091553499,-1.09138203957446
0.429987232039937,0.213398639029021
-0.500733933250655,-0.277207026009101
0.303268616471465,0.313222923697146
-0.222413773608328,-0.34102392986907
-0.594088949026308,-0.274170124896565
0.224187555986263,-0.865712294302101
0.545222714099244,0.998308706521994
2.22399894619166,1.72150269363722
-1.36426690942539,-0.772871530803331
0.643356840496774,-0.457390867093761
-0.553173300942822,-0.553122331015375
0.178838088690334,0.327066986139325
1.46553678119169,1.66978972396806
0.353206007906496,0.269952490095478
2.10741175896857,2.26087917929795
-0.636673351721487,-0.85594782951356
-0.0269692790551104,-3.11075561991553
-0.327347266829878,-0.504693467312248
-1.21723037610293,0.0704380333498454
0.689652064175227,0.902515379962635
-1.36875923191471,-0.513854270282438
1.61240896233278,1.5821884998122
0.505519298063814,0.357152255074724
0.837184927959851,-1.08516658103224
-0.193142895447661,-0.129596280333837
1.62817246639006,1.63033098519585
-0.72800482959891,-1.20644956200879
-0.0224467823393311,-0.909696661014259
0.0799604500389525,-0.256401938157958
-0.456311684806963,-0.56866182520464
0.372276118763103,0.586123861891136
-1.89895677592755,-0.673451117911068
0.26632332985614,0.876234538216767
-0.685503312410411,-2.14428353809596
-2.64057394192764,-1.00912207025151
-0.895883826915113,0.346949849937592
1.97722605964117,1.53140977264312
1.79992322620501,1.85346737632497
0.801579738084672,0.831073537053664
1.11532509471816,1.00630818104971
0.187112943452847,0.0723294743594557
0.466680719849553,0.376268207984134
1.44878775600622,0.93936558299809
2.57370385301251,1.98318463855226
0.093190003413874,0.12388001690962
-1.72542605630493,-1.51624980302835
0.869877858948959,1.38217056412482
0.908049627938897,1.05884135475224
0.84733353546567,-0.899567068413394
0.763820468505206,0.257633502335923
0.402122747976944,0.218222577920218
-0.430206770147409,-0.0906679178485835
0.0916990387412821,-0.75660143698142
0.981453381322652,0.559317423040459
2.87687722319266,2.47799407649037
0.371335788267305,0.67417287141131
-0.169372447226733,-0.88933485110074
1.18762489904627,1.36629773268371
-2.37790065026183,-1.84980519920657
-0.877040221324379,-1.852439495119
0.416890464309476,0.373826423783486
0.280871239187394,0.0547287167972607
-0.213067197088747,-0.394813566169915
-0.0338694208642836,0.325708764478954
-2.05054932302107,-0.960365820040157
-1.67806961502329,-1.87285541101777
0.727543200456365,0.488517681668644
0.67335095697938,0.791320795743526
0.0594454182049872,-0.580370307702721
-0.923770095432945,-1.52796167178969
0.319615763584673,0.0122145723803963
1.63001696541803,1.45068535511162
0.466344337326645,-0.323254834908343
1.72419532249362,1.66022119413649
0.633521131607607,0.987576901474101
-0.81462636070547,-0.800252199333793
0.440857593766736,0.222251786166266
-1.14028292892444,0.0407942436716519
-0.805608687959202,0.675427860127304
1.36677343714025,0.916189630425722
-1.25759254259039,-0.813098103875139
0.191389224083057,0.304749530005168
-0.490676730956281,0.448786240313196
-0.875948071498136,-2.03761798347643
0.990489127650771,0.433897278853858
2.98333879742561,3.05336388302534
1.74043732413958,1.89927042782756
-1.30030288142396,-1.16785979376604
2.20373933573593,2.63791893008481
-1.57267495422071,-0.275345112440627
1.53623475028685,-0.603947085589679
1.13464260263781,1.25004105846905
0.352865606115683,-0.198509617006963
0.470847402859816,0.199599323007928
0.239314166331657,0.372897519758824
1.03691756017076,1.182256510941
-0.306229532643453,-0.922359610363631
-0.904233776442548,-1.26900245189674
1.19377790246707,1.01819330849106
0.251662585225941,0.884135717353642
-0.101936018983462,-0.326502375577388
0.720254786919651,0.237679058154024
0.744125967874139,0.63536338041178
-0.382357524346552,-2.94074054889109
-1.6918807091175,-1.67542807107644
-0.427264509048114,-0.10604180771125
-1.17093746056557,0.0979620956683417
-1.2135248939472,0.512558415597487
-0.353628679630399,-0.184230109016624
-0.563574443862792,-1.33777879488473
-0.370089304566658,-0.405908640139591
0.757999207204698,0.958467136084654
1.24476835987674,1.15492030303643
1.09743256574345,0.844834926367922
-0.118567426422652,-0.0763835874542095
0.577076094199133,0.561455921859414
-1.97778395052266,-1.50507868937673
0.530417080299111,-2.69986455019984
0.859105877139278,0.598079076019921
-0.0525529355143045,0.0757815055984335
-0.603637582242535,-0.316541741870877
-2.09223640879741,-0.0868950022260173
0.820715102504326,1.08281288964143
-0.5271501399334,0.0454443037954743
0.538027470969706,0.895846167677817
-0.732146606389731,-0.0082667064280532
-0.105002687104457,0.835566952695276
1.6050986168748,1.19200598061214
0.181214543913286,0.1644586421533
0.418694089959136,-0.0562261493312592
1.49085272507579,1.40161452678408
0.766556853922638,0.213845853694703
-1.11680278947855,-0.543156255455204
0.504109438855425,-0.00286322496897544
-0.273328435551699,-0.378078723275898
-0.207946752813403,-0.226204460337045
0.748970349077307,0.949867058887306
0.80683994290885,0.650558571306635
0.567382422455873,-0.310794191939097
-2.25042887340787,-1.12416771271361
1.38200983188833,-0.136047250792363
-1.43645225080583,-0.790124726064943
0.290539001830379,0.365548815652479
0.725026705164038,1.21997329306184
0.627767381920909,-0.441312803866063
0.229244287851034,-0.116381794563662
-1.52206389154345,-0.835638767864767
1.37182624264981,1.63048457076368
-0.649734966837883,-0.249723247229305
0.117441879773282,-0.514784833190581
1.0786445536768,1.78787206950035
-0.946777581555774,-0.95849740655115
-0.44457864639664,-1.38417552451776
0.792640774318977,0.334571210614168
-0.182288571062617,-0.457287332192283
0.126108662676934,-0.0405815770757112
1.56860009822332,1.85458796000675
0.398898671132011,-0.440960041368805
0.941314451651564,1.08084843074906
1.42097134709573,1.17568162013588
0.269652297719121,0.873432026503312
-0.703610474253335,0.0328176844261751
0.464515858805013,0.592304172722607
-0.307727417858143,-0.70219251191447
-0.623303475560241,-1.10996106904846
0.173320624392511,0.117158615405697
0.28506534967555,-0.425554164297268
-0.245150048128505,-0.306293278395521
0.52743736124108,-0.325225941971139
-2.07363184467957,-3.30488651676723
-0.822318751199714,-0.783510307956964
-0.0194310633649719,0.0731020865483397
-1.76952129019046,0.106036608637321
-0.59492107816374,-1.02203315858282
-0.092696173342372,0.329005981807983
0.510258245649469,0.0638884714449007
0.931052704074082,0.647035921078921
-0.871590167844026,-0.880740441853345
0.0606668345421586,-0.340323061817297
0.200590098072661,-1.21378228190493
0.641864734431751,0.904967531825663
0.326791982457945,0.575267273794496
0.0542669381337886,0.391772024587548
0.124583899606212,-0.125113150449925
0.47973018408548,0.538517718088505
1.0866111389997,0.56668071458614
0.459705704732684,0.421747363705175
-0.456433553686128,0.47138753262343
1.25712935696029,1.1454802744732
2.75963240646869,2.53422483153241
0.784262441808912,0.744753342632897
0.742543192252298,0.993841498312217
0.301815682442916,-0.289507136203404
-0.374666867200308,-1.72751042394319
-0.968515838674134,-1.51757438651894
1.71082264760528,1.15713518037154
1.49039532870117,1.9566817057047
0.238975658996202,0.763323779706978
-0.193881559200401,-0.530028422144338
1.31219089845001,0.225339334782141
-0.678917924243967,0.118999196031613
0.269550130418185,0.681456215422042
0.546069816924337,0.111068514679248
-2.74499119067536,-0.231237006432437
0.0329715059489958,-0.105097737703953
0.679156239911949,0.680580705898871
0.171798712945976,-0.125739516399286
-0.0560227886768265,0.156059421440159
-0.635408227816232,-1.15398681929993
0.667920178422106,0.858248331594074
-1.66912447872099,-1.82787311617192
-0.485063212034314,0.755721175569505
-1.05842382145283,-0.729905642739785
0.533676153903578,0.355562985923569
0.184118837428279,-0.34861561870162
0.733050103723511,-0.318609479927681
-0.418434553410792,-0.260864339743137
-0.0339097254466845,-0.344544774211149
0.295229476743149,-0.690921109453424
0.41933006330496,0.736130307778895
-0.00398983953626149,0.0918395603940341
-0.184980823484806,-0.743106100044214
-0.135324919767331,-2.01905627755852
0.853661788344495,0.836668847027503
-1.0448779354076,-0.0798409886644344
2.29999699490051,2.13956463163526
1.77417130335008,1.89073630684233
0.053361847158896,0.844317018093643
-0.609613609148203,-0.803475611466606
0.53400706659019,-0.0654126026462126
0.226306004497364,-1.15238392959903
0.632078225832575,-0.55498985602519
0.421352431223378,0.560256886028845
0.423755155734958,0.3775068682207
-2.87268792562046,-1.62964857441556
-0.602484728452856,-0.333773928192561
0.96870239975456,-0.134836248108593
0.259693398410161,0.168757364032963
-0.979178286181074,-0.0701388086257862
-1.12400385743447,0.198378775433559
1.32453034845467,0.698136649893766
-0.0143130141994393,-1.77340845283562
-1.8862316595874,-1.19605966604333
-0.362709840107459,-0.861444009786199
-1.2634289029719,0.0497189345081832
0.717887014139808,1.13862803155916
1.50695509697972,1.06195668675115
0.522344425886322,0.936993036350805
0.981982881166262,0.870662637787097
0.528067833850809,0.340459375684291
0.078052270043848,-0.692184292808766
-2.37611893883534,-1.59311125141808
1.1989472300201,0.976247628863385
0.757010926336425,0.680167824998797
-0.076185261023536,0.527339235020366
-0.745320671985538,-1.43504032315355
-0.619668691911171,0.373384740375617
0.193454647238087,0.460042077872864
1.60396210186402,1.95681884063875
0.865309279250629,1.12518197731367
0.233575742266346,-1.06352723055294
-0.123796856936483,-0.322506849146385
1.74282925125184,1.70690663159065
-0.565993933124835,-0.0465213551707944
-0.695544363252456,-1.10585933683195
0.710090887077697,0.418201047704542
0.952901230123659,0.413000717789584
0.702348592981663,0.459865818361651
0.741231554593578,-0.177778864858184
-1.46427712188549,-0.19548109589633
-0.979222541695851,-1.56365411417412
1.2230085629369,1.12543939442516
-0.165927049246524,-0.492911178403792
0.463950117997156,0.497371213968872
0.178285520585743,0.394645473625916
-0.0969696682899145,-1.24126360253114
0.327267274495038,-0.492462311975785
-1.72737280401948,-0.0601416640545569
-0.569360604832986,-1.21399234417768
-1.30921427860914,-0.0813707886112953
-1.26696551949366,-2.2941311696307
1.57498116754486,1.66484062825676
1.22796693611544,1.04392841428031
-0.808439857323989,1.3039561848068
0.455340933926236,0.132068402627783
-1.77795614634591,-0.728795354366798
0.350285962300174,-0.135385528483805
-2.2275500134633,-1.12576431916321
1.07790074315092,0.312888143181371
1.5810116148502,1.25393501680627
-0.962495049054166,-0.819459682747891
0.0863181184868417,0.61029877379763
0.0355015972418031,-0.583318896057871
-1.76204666610897,0.577263422703612
-0.532586345985004,-1.76375403906909
0.799736247789563,0.632179743144084
0.432584235866912,-0.256812517511734
-0.49436514436563,-0.592822891809695
-0.469328134043995,1.50664559340317
-0.110593632955201,0.451888868116961
0.440961284479891,0.4162094522578
0.0823190642645099,-0.278901768108608
0.775140795278975,0.799306450897481
-0.441241452465071,-0.2951687471554
0.111497160042399,-2.40829287418257
-0.808332092023293,0.241043328784473
0.664785394963015,0.54805622268074
-0.639156104891299,-0.278923100228835
1.66753048992298,1.7606808589956
-1.59770983848998,-1.39585541699276
1.34480551636652,1.00943594692874
0.435628441346218,0.76064733135848
-0.343118789731883,-0.620903017926336
0.259004084554092,-0.567915378318912
-0.608951253482743,-0.654350698267361
1.82991711428427,1.89269732926704
0.712783905089025,0.555486537041134
-1.92551230282346,-1.1196100450949
0.689038523482372,0.870814781062296
-0.0130575142666686,0.0107970926325139
1.00770647162668,0.673740736828537
0.517806269634698,0.876072377999486
0.117285769660179,-0.676752777620756
0.55670528328957,-0.0361127734653363
2.46071253929834,2.47663208176109
-0.632664554840215,-1.43008384971129
1.47486946693167,1.34389101904989
0.112371437131753,-0.140292481079387
-1.25753773277735,-1.0204658179274
2.01747632874485,2.39553263286015
0.145058346505332,-1.54971130833053
1.22912468827205,1.09097559187028
0.273038952252796,-0.365389981161066
-0.571447342298302,-0.232395963022937
-0.753096118429305,-1.27407941399784
-1.12071491857682,0.33071393037494
1.33504233743943,1.133655748342
-0.7145346853084,-0.606697230307072
-0.06005672265698,-0.331344651342972
0.328716938152708,0.637710695933341
-0.0267147294278363,-1.89899370678672
1.24311996330968,1.33459553390681
-2.82699603990842,0.080930578620847
-0.0252188880462602,-0.714167757717832
-1.8969982590552,-0.516642139004973
-0.230768441612272,-1.11413968538556
0.902791745315541,-0.175336326497968
-1.22012454323526,-0.579162603708728
-0.317808709634506,-1.01936949328218
0.846632688486333,0.770940851133541
-1.15241051338745,-1.47051362299122
2.40419815493876,1.51699092534625
-1.06835775949214,-2.26716445755051
0.0472532177292754,0.0664373374726535
-1.5151067969154,0.0639338592839448
1.44503958840764,1.08020996320947
0.172023853504282,0.187441425369702
0.031261683262006,0.5689100659048
-1.42108663268138,-0.115283930660645
-0.210144507529255,-0.122839409382026
-1.30575596793808,-1.62240832475149
-0.497654648002446,0.445820862296832
1.76161609483959,1.4258648546688
-0.487039363147514,-1.45526975828389
0.967652100802606,0.672260353607071
-1.30112353602606,0.182264627455128
-2.32104517586015,-0.796968047458823
-1.20958610083121,-2.70797371317003
2.13366369172357,1.67457276914189
0.183129345800824,0.322536647087168
-0.122277418545528,-0.462004238382131
-0.0500273324232408,0.677193804637283
1.47252417307361,0.947916274298091
-0.348099864290929,-0.187786154446916
3.20508245563873,2.98943687373035
-0.229119244482791,0.736447999653544
0.842805455121278,0.452870773995038
-0.064451877520476,-1.63121033768477
0.262520219643518,-0.453586870271623
0.832704561967297,0.945195922976609
-0.0581257447587612,0.0595313274140065
-0.824276780085866,-1.0246399565345
-0.965221520151871,0.124729734866565
0.505808844624152,0.734212362552597
-0.373328555652438,-0.0922110500866949
0.414176152786144,-0.180691990091626
-1.54025334275714,0.110893782357625
1.63922892269386,1.74896654953659
-0.311903827037234,-0.139369830735222
-0.149338392678659,0.435253737910445
0.665043168899097,1.21435016733693
1.45522183304139,1.53239371298577
-0.0796313168084299,1.23273246540303
-0.450320049181095,0.61485557406575
0.522574596349125,1.07121173875491
1.50728689994171,1.17144637769428
-0.513156190483785,0.0178428342649938
0.446868459181429,0.367557953809289
0.618163311947135,1.4766828240933
-0.0141812464512057,-0.120520107493226
0.51634753179704,-0.00905480774136049
1.24430351204978,0.97839066250545
-0.570570003168252,0.0357165426316155
1.51200406795574,1.66616279622885
0.994752710262836,1.08214422104296
-0.351682935517247,-0.421102157426065
1.10025446675994,1.35598883083969
-0.0618637950318219,-0.666879038518246
0.124755826660039,-0.374871553162328
0.94671411791902,0.320612271935326
0.225659924980008,-0.210732337245015
-1.2420987070395,-0.350939390412522
0.67580036396505,0.38745314870652
0.717476815354418,0.66146735650196
-0.0448946198077633,-1.08054964002461
0.622634840533736,0.985311203221908
1.58368355068194,1.42202473517062
-1.21157924670831,-1.33193769141661
-0.696856976102689,0.262545197894747
0.640767661318702,0.241758591009524
0.793977861000623,1.38758658089821
-0.265130062896888,-0.444086126461389
0.134671924477758,0.313276004251515
0.554535543822193,-0.203054778147389
1.45922245010685,1.05412934260862
-1.91062362915539,-0.880232586970276
-1.1891555351583,-1.14825895223676
0.762171223329709,-0.251431964863745
0.216419119993938,0.445676655903762
-0.565435980180812,0.262671371323279
-1.04238106324508,-0.963887800760849
-0.885908419806188,-0.106961516979794
1.46876829975736,1.13773992612034
0.451512718591432,-0.900543198118204
-0.63828803723718,0.748279913153487
-0.313250337817163,0.988128041490095
2.68068617189376,2.64678941091572
-0.0331865101159072,-0.119641736149279
-0.242416182845142,-1.0116738164516
0.61765460444207,0.339916065944444
-1.00692147277529,-0.63227599134926
-1.47329478958534,-0.348548670894445
0.28935458337913,0.221010219049512
-0.627728965445123,-0.455514312109335
0.628725915253591,0.566849786615698
1.29439771035835,1.03430064440052
-0.871294833005741,-1.79983421324324
-1.45695425147403,-0.744171302514634
-1.34073298693879,-1.81657159946799
-0.343085803069885,0.347394217589652
-1.59335296664496,-0.132927019308211
-0.737950456587972,0.717379261195482
-1.57236361384665,-1.97267850195349
-0.757766701469052,0.661603800895544
0.195377481018397,0.0318184924428388
-1.34955106751045,-0.995447764558589
0.67531826791093,0.277176936650828
-0.0368855821511568,-1.08666570028739
-1.04912401131613,0.135187082107028
-1.58269340784981,-0.75485401365085
0.338150483205902,-0.737940507833185
-0.583452691386803,-0.649068587036445
-1.04074396967996,-0.858541567355432
-0.688340320780553,-1.78496815977845
-0.607928167646,0.098632862462698
0.912350945658777,0.809004501270968
-0.0229570505212943,-0.157183892111034
0.687867768761497,-0.885564918903841
-0.424729326535973,-0.110823851856022
-0.688393973685481,0.0281459694260213
-0.907102597713617,-0.964212765980065
-0.918817684679317,-2.12375840037783
-0.428546946695757,-1.07451675459852
1.14977900981879,1.19796668312768
0.1954714621342,1.18329240423172
-1.80623739531687,-0.265817492656155
0.0932526516831825,0.137076376841087
-0.470958772357716,-0.841808341229064
-0.686739488715663,-0.868255022246929
-0.316525313643978,-0.191659424580466
-0.586550213110037,-0.553421535521499
1.46015090334922,1.4398096170729
1.21224810536877,0.777128313088471
-0.632174306367429,-0.212087117775913
0.142955621917185,-1.63660109510925
1.18285984663928,1.35107700451312
-0.326167762874507,-0.123608893054348
0.0624375615139498,-0.724586535563504
0.631147330950758,-0.476263211212755
1.12376987713563,0.757161232393346
-0.370063741198539,0.131682630332282
-0.933961805987832,-0.317951621046203
-0.710882934982593,-2.56023699374135
0.93405177457216,0.661016909948849
0.328925836449026,0.39444864242273
-0.721084936872981,-0.362972515578534
0.453596533657948,0.349125426555937
-0.660522949381894,-0.842847894843402
-0.427944696092693,-0.906644690788361
-0.756852531558287,0.188595659152748
0.491114734900347,0.849375266113205
0.283526979195352,0.618498119583052
2.27259663045922,2.37575169545211
1.57916510192254,0.983871108380524
-0.422436540555103,-0.921869696044609
-1.90767160532967,-0.34136902905518
-0.668157707240078,-0.255757451094949
-0.235890455011132,-0.544200399691202
0.0121280346475066,-1.12978529067949
0.235559290317509,0.833065550625028
0.872956758068187,1.55330364346044
0.430035159014042,-0.512158305664469
1.35690136452614,1.18434737223154
0.101800088979454,0.0223059848189665
-0.697375764035802,-0.326216761914963
-0.0181936105535378,0.575272887409165
1.34663780962497,1.22918730933143
0.545776498071751,0.174934583589229
0.839415557106091,0.164377181483858
-0.979086706833486,-0.869403312192976
-1.35255331045023,-0.922860921639249
0.79617429244753,0.905254005326926
1.26782999710268,1.59156087216583
-0.500271973185648,-1.76552283837432
0.411174317905987,0.324232625231091
0.246249865969746,-0.0684051440765517
0.00564733961445801,0.341402129577871
-0.720996659630166,-0.0383755758577533
-0.619264876908872,-1.63409364974442
0.182842291885139,0.377135439713906
-1.42669552906027,-0.560502368315462
1.68622763048503,1.66292579235756
-0.381898389705918,-0.531293697046557
-1.72211635641797,0.296036636029278
1.27284451543458,1.3651928850748
1.25572579321946,0.759235274577632
1.25641056385163,1.6937044933038
-0.67756829655081,0.0296946335561761
0.215279688351368,-1.56245257430459
1.63068187819813,1.65174099804959
-0.277825523377708,-0.229536349655795
0.527418085868063,-0.508171901172507
0.0768497265704057,-1.86137944021102
1.58003248452283,1.32393126110979
-1.20073637352407,-0.160153884704301
-0.269578408674409,-0.73315624243387
-1.68751434212978,0.122860043666883
-0.635499908206507,-1.1666510680823
-0.391730631780932,-1.03037640746763
0.0105790937831675,-0.192911365427379
0.433792537467075,-0.199232352364775
-0.314811406829391,-0.081107324980137
0.608751727266375,-0.710015855721031
-0.0828978182902908,0.13836697661224
-0.326960433584768,-0.633701136967227
-0.533691771894104,-1.45767259861919
-1.11332099336978,-0.92547579954518
-0.806928826553764,-1.04670372866457
1.0863619887524,1.02152616191797
-0.219978588739055,0.455930234226937
0.368725722201424,0.822283937591371
1.43587214317965,1.27349042616163
-0.76462226474132,0.291585825991342
1.31598146310248,1.18917544090047
1.2174833687138,1.51535784557102
1.22719947536951,0.582169158753746
0.824275083042949,0.850010419247092
-0.195739629050873,-0.0881113874971172
0.728744819411183,-1.6857353469004
0.732532902565643,0.0105050673356343
-0.679391872563437,-1.12304615837887
0.491790287098591,0.40007452144476
-0.965069204830644,-0.248104677315155
0.764668905244078,0.473143303641925
2.04483074716332,1.7222709116411
0.980620240848046,0.885370155667937
-0.49493989014172,0.474396399637805
0.193645073589216,-0.0324217008510279
-0.934102535900633,-2.08878401004896
-0.113085779733337,0.0764693731187649
0.987597962151428,1.00981567037823
1.02660729284249,0.86854495786316
0.90667004994757,0.978673801912676
-0.658777228372442,-1.40335494480934
-0.120203323936353,-0.912957474057545
0.272972214052672,-0.576822560396078
0.359390910277842,0.220419989208924
0.16558960655369,0.263280591806907
-0.851704316548167,0.207713205358922
0.674860790280284,1.11567500465085
0.616619368127999,0.653807416121206
-1.00631991295227,-0.515658333228738
0.0376877127668023,0.769801723410155
2.02705500602753,1.23439976665075
0.419142941496204,0.0876144971944935
0.802574591597867,0.516960505752822
1.21111899839913,0.871026497945967
-1.05665860052152,-1.29848434848535
-1.28805853538666,-2.02962002042047
0.0404887357208654,0.463263525125134
-1.0575035050414,-3.00951500741022
0.972894379539872,0.40586628645026
-0.836778336729926,0.119569834038727
-1.06154809426064,0.456664615367677
-1.09213390363621,-0.156171186278431
-0.223306394065247,-1.39337096335948
0.36238022582847,0.521488744263878
0.391993447554196,0.332335919866657
-1.13035108380877,-2.34940141321843
0.323137769928103,-0.779375360792003
-0.0152132673612198,0.110120187245583
-0.382212662728079,-0.469125220558213
-1.26291494478009,-0.98748344123498
0.754641738680702,0.416044010318236
-0.0204416725302181,0.102821386713076
-0.605399551590142,-0.888593880054002
-1.06051384441421,-0.700976728118228
-0.0562389820863694,0.491905759240865
0.58068698413468,0.624285752252401
-0.367036981092707,-0.0366275252652367
0.688139680528474,0.804439629613887
-1.66094452836203,-0.0346287243967376
1.93551964846833,2.17066793058615
0.724480904638795,0.75165505597861
0.456366840494169,0.543686129258719
0.736964414786931,1.10463775851974
0.160596263747709,0.189436627238825
-0.955841055396938,-1.25624523430237
-0.0693018917791562,-1.32901522258268
1.05330320676538,1.53701326709178
-0.357341879428086,-1.24752713652565
-1.45050460353943,0.353229189586574
0.229764274806447,-0.550251666871549
-0.714793394389251,-0.1436370636186
0.167901998062165,-0.667548482916692
2.01337196966259,2.27737289769616
0.696199675418536,0.637488828728362
-0.0868514079609981,-0.968825118783442
0.626973405740004,0.72685987167863
-1.05490606885408,-0.92033705869312
-1.81246588147812,0.952761548187927
1.56656272495795,1.55807647196056
-0.299462157379675,-1.01064135705881
-0.790702165224067,-0.622990424280828
-1.54936903216793,0.184913108575791
0.116633034957244,-2.83190146019393
0.0568361139690441,0.202479902532933
0.00799481636183478,0.598471456033045
0.162758505733169,-1.76177734211495
1.29508634580032,1.7755589328643
0.391601479343423,0.926845117516169
-0.439551399094812,-0.666450132630332
-1.64936511768584,-1.18052219204065
1.41973540682317,1.0827444916972
-1.31101523819443,-1.12243127970309
0.845862082287462,0.642640343036187
-0.889727636864297,-1.07142059156891
-0.389315763997955,-0.145787054656476
-0.544300903589671,-0.746230775997361
0.85867839975358,-0.850866001105376
0.268634984303932,0.459656890399693
1.60681250602163,1.63505836198044
1.67870414999377,1.45687955236536
-0.280245140522943,-1.04470089392184
-0.283389360095018,-1.28048050551093
-0.362802630125942,0.0411389722152376
0.503290676556439,-0.0644438487821827
0.455293991633193,0.372912781382967
-0.131618768793741,0.202538388572491
-0.133645286926062,-2.40391788508831
0.814253560953667,1.69529370020243
0.00719363576413547,0.568857324823066
-0.107441825413278,0.151118637937084
0.538669806197563,0.651242033400174
-1.37652948480279,-0.512651676504052
0.224761594939836,0.370095831048913
0.922930608186346,0.844180225617117
-0.497944684160429,0.987208406555451
0.145516748138554,-0.408764442044563
0.814615222536687,0.558322261006114
1.91006493226504,1.66251863866131
-2.25593220069279,-0.770153552944802
2.95728476191195,2.83634071439129
1.5388009799648,1.32563178333499
0.909891945779729,1.2710620727946
-0.319495388797381,0.518634935315284
-1.05958269627104,0.283671222178277
-1.03772823210583,-0.238011853691011
0.27974516121772,-0.447859908595377
0.0853289634948494,-0.733767355284207
-0.921505781902291,-0.770431568060945
-0.407079948199313,-1.65229609574114
-0.10313954760232,-1.03089560749612
1.05395054865631,1.10556747767042
0.154472353605088,-0.489807252336432
0.147094394433417,0.807717020954053
0.119154684615487,-0.300135918739834
1.20133019976651,-0.0371388091083841
-0.411180161076011,-0.860388854160517
-0.594369880935505,0.560166332945008
2.73335396878666,3.1254155969707
-2.24187787258919,-1.05172152398073
0.346697208022784,0.77570662376673
-0.275695753217799,-1.5173017834026
1.03405807218618,1.09581540572313
-0.36408470496834,0.260430271052664
-0.490528131239937,-0.54036609192758
-0.26943534238398,0.456057035867748
-1.16273973621157,0.964421398435732
1.34798773195386,1.61052620863513
1.65544978645928,1.13114608998431
1.6397444817068,1.7529740186491
1.48037562823985,1.04514684715199
0.0642492805909724,0.189868198655247
0.834401377304343,1.20482148565411
-0.743406528581642,0.272157905707718
0.407333248757848,0.934489450838947
0.827247392425694,0.593134886490988
0.0149252634624886,-2.58590260618382
-0.685598809799774,-1.91206960426909
-0.329895008855897,-0.432730626041542
0.267520307675507,-0.290757103993211
-0.0580601014412491,-1.81796825417368
0.471118934269114,-0.592943432975243
0.547723156723052,-0.623047772590569
0.220525543859655,0.548593702450898
1.0228195542114,1.39015095677058
-1.1922568180637,-0.920230497852222
0.0748108345312992,-0.69235585180308
-0.857110042429454,0.12427178149893
-0.876932524531839,-1.25736734910611
0.556879818624061,-0.82130715921747
-0.472535050371728,0.367008070710379
-0.226171488751896,-1.41676382574392
0.587413579909736,0.730242996922823
0.146747870894177,0.773537873509147
-1.4067213807727,-0.052357237425078
-1.05010140265621,-1.19377836073613
-1.27276510330524,-0.90298219796391
-0.669150801698391,-0.688340968560238
-2.29849968123533,-1.7099438278373
-0.718370672040001,0.348681548935134
1.29233408336448,1.34992449617528
-1.39415249256195,-0.144627885011319
-0.138881385200627,0.347578260386903
1.88057006568733,1.65056386040911
-0.0492886554308454,0.761353930649119
-1.91894643609361,-0.216466112698722
1.28832246479341,1.61813272331024
-1.22067531584123,0.736713468403156
-0.326363149056976,-0.601333744314447
0.784606541799728,0.352807629009029
-1.84952131263422,-0.538017723331272
-0.754297791654153,-0.456957284862641
-1.80298341577825,-1.1894042642296
-0.837559658307081,0.800344854672261
0.669568238444245,0.580674714413426
-1.24956590569241,-2.41762988064229
2.0411595925312,2.12709377412582
-1.45727174186566,-0.948688648093237
0.78608350337429,0.664472566170007
-0.575910044021648,0.0981306880034595
-0.555918359076849,-0.516580201998467
-0.743098997069261,-0.105735824146969
0.380191790378762,0.228490059457202
0.450442749563499,0.346027810349291
1.25390867533648,1.25571468791797
-1.33229411226269,-1.26944637075241
-0.703612573925855,-0.274426653402102
0.838461734610986,-0.389495463559082
0.185160933770407,0.649223320483088
1.49733184901153,1.56985367514928
1.42228964302888,2.03536813952403
1.04854526250907,1.49476459737204
-0.69574820567393,0.346929563097416
0.94545709616145,1.22011405980623
-0.17743769430789,-0.575074937115189
0.0644901492377531,-1.0976739405511
-0.0814140075356783,-1.22416799320186
0.412355074103756,-0.0911594942216906
0.310264637543665,0.855955470871348
1.59274246067483,1.87786706418699
0.918688711412286,0.907036415192936
-0.558459745222166,-1.45185977593757
1.8446076979353,1.90493764177293
2.59588044183136,2.56032068922263
1.13239198047829,0.110109238603998
0.853297650956223,-0.329878930156203
0.0884396230087253,0.950505178585206
-1.83652153189302,-0.560164492930726
0.881156324362942,0.945851696951415
0.835230814381437,0.465972951498404
0.235280135060411,-0.60195915425744
1.73846010587221,1.73590851327419
-0.353245057410223,-0.834721239077152
2.31540806418742,1.92567215752177
-1.40177224206349,-0.0808677564426289
0.270830577260701,1.05219123269399
0.775583768476512,0.0740060729577701
0.000219394357015048,0.354213388187782
-1.24353404467228,-0.998261272251274
-0.687386116226288,-0.596931559932494
0.410469851616563,-0.246363302561879
-0.412579927828711,-0.171014441899321
0.135220493825949,0.523408706647189
-0.0984356982462935,-0.223040272453197
0.0168147288632701,-0.569563163687512
1.64946850974527,1.4135641574931
-0.810442199522575,-0.660423221285615
0.744524491354762,0.148576447544468
1.48947185179585,0.49513338742487
-1.03894787082634,-0.278590426411899
0.977466466201222,0.814654821005422
-1.01240269438611,-0.723387124495919
0.278719186895235,0.253703510446508
-0.880141330801474,0.514462389429915
-1.11794375485485,-0.255324999806731
0.215189027675657,0.0883594886575257
-2.3083665074085,-0.812962883072455
1.03440813674006,1.15399579572264
0.00589971994895814,-1.98451278217901
0.479889215755959,0.69678182671984
-1.75214861625267,-0.124288573263914
-0.349103974741725,-2.41023788339893
-0.843679232252053,-0.773168990319591
2.31857276199166,2.23916229633631
-0.142667588322092,-0.56506049968495
-1.45913041533587,-0.659005094272943
-0.628442377917371,0.171201833895691
-1.33192728963117,-0.899810566406413
-0.187894094501644,-0.762797261950354
-0.963630053564284,-0.833827409348308
1.06498131046651,0.744727771986957
0.43419311838914,0.452630328829913
-1.4030410655213,-0.372155947452011
-1.01007997215237,-0.260766114605632
-1.63127060066372,-2.11907734742037
0.203349099210894,-0.285421050934198
2.49769443173661,2.53366027068081
1.53669478907532,1.23311403184438
0.450807151962754,0.572197647379937
0.277086507659608,0.395531898721229
0.978252004894107,1.1709559068026
-0.479018614069324,-1.16171681587629
-1.91158082259072,-1.24596412645869
-0.313837614233287,-0.715438422552011
1.45495882104473,1.54960638978367
-1.09831008624337,-0.427631003461641
0.561775435151239,0.249119070080054
0.624201286275366,-0.262986491727452
-0.90909258172807,-0.462967098495933
-0.44588278436574,-0.500414958205681
-0.570086764604774,-0.860569456053197
1.3303132625337,0.942768585265249
1.9395225535031,2.03101845054276
-1.09161232718601,0.440173424304246
3.18870085453564,3.07791138117445
-1.09638919587584,-0.190933981151007
0.569239742112723,0.885963378279042
-0.840750192299351,-0.00624044186744255
0.323478882595326,-0.852922262230213
0.633426542027181,-0.223645898151133
-1.1565511161103,-0.373299384018791
-0.0165126492075098,0.721975500022983
-0.996020673935226,-0.796298765574643
0.513151276989637,0.881446359831251
0.491207089972553,1.23949927799061
-0.595648397779149,0.120775427017859
-0.0482302149967394,0.395150903965583
-0.415149546417431,-0.683250072879101
-0.695296964860959,0.351658146676617
0.9216623845669,0.886637657928135
-1.77260722104035,-2.21133456495538
0.895990963579625,-0.268105307774736
-0.175600747671467,-0.254914730324058
0.196080526356889,0.0846247435180437
0.0596041881419827,-0.669721241793868
-0.0221177061541249,0.365491715814317
0.602501339790488,0.666636495053426
0.761660179839173,0.839174542090923
0.408557633249093,0.785906311952672
0.195460586619307,0.784957755732544
0.56146715524741,0.511234792057659
1.18783838090448,0.468707208561354
-0.270926149912317,0.187914595796572
-0.181114764354714,-0.669471969881751
0.0177488531039376,0.516212818699404
-2.29392817269402,-0.810332015358828
-1.58697416752466,0.143074884556511
-0.0582408812484108,-0.617871268766481
-1.02206065073072,0.0716736532661189
-0.839728048477433,-2.25922702693484
2.80804564707397,2.97632509038838
1.02792322038259,1.64778119860695
0.2358075574633,0.211488063603988
0.267518744403532,0.953561433380944
0.795467970851185,1.14375149324405
-0.883554634837494,-0.418870491795636
0.968022795893809,-0.154483959157201
-0.585939502058827,0.334900835441175
-1.29943297931169,-2.43246909353832
0.866656986179482,1.19159045478007
-0.530042324943656,-0.49603411391042
0.316155457644467,0.667255981118629
1.68127408629653,1.35225515776822
0.666146101384164,-0.804998779151973
-0.894225233450116,0.0398016775727555
-0.661081973356129,-0.320814755861495
0.920518918973768,0.163500561993334
1.06981752588543,1.25292392280402
1.15085451112174,1.11578410098378
-0.990132896762917,0.138824793726715
0.283602403859163,0.0634089564942433
-2.02484238561575,0.332514334627854
-1.5257707993496,-0.839884741771965
1.97662241041424,1.63570116929401
-0.482524547997495,-0.762603333162602
-0.287636418750415,0.490789766344281
-1.79254132232233,-0.92691230363855
-1.38738550198385,-1.2647147392361
-0.0482560726172006,0.167346061733025
-0.783232995429612,0.190269781530658
0.765892415634312,0.644009004195895
1.02035701310392,0.552369052903913
-0.208934708168349,-1.81561689118495
0.305624465212454,0.243561917247745
-1.81264622009151,-0.825475830997093
-0.0959383064079347,-0.4759695834827
