-0.890088991380771,-0.946989288075338
-0.372447017691682,0.325370152482817
-0.77124213587732,-0.399037099389007
-1.35237942032814,0.949500391761785
-1.76092559861513,-0.264154151492655
-0.946453895063672,-0.4726361078188
0.125827532686547,-0.0993057339008722
0.376877650797595,-2.12711859656704
2.70790783266235,2.43837002533064
-0.702031382568926,-0.949442864865201
-0.210880806511659,-1.64245309136747
0.020823502031579,-0.136754682271249
0.00438833448510698,0.401196971263912
1.11241491104678,0.707325394291174
1.76248123344422,1.69419896591945
-0.109435652678994,-0.165822310550297
0.494167185077994,0.64444136145689
2.08197673480238,2.04807832067386
-0.450332638470231,-2.86721535484648
0.322633158320188,0.668334434086178
0.273945475439154,-0.0492983093386918
-0.487521750294722,-0.788030037137024
-1.68596412962871,1.05620804856793
-0.879481521562023,0.56150084474284
-1.38260002682131,-0.0098080852815445
0.0665156539175225,-0.961493921467669
2.1966065270625,2.00469335873737
0.93366417257799,-0.449844116340254
0.575633450246483,0.414979679569777
0.406686555807308,-1.08455239164858
1.08440474189308,0.568035776881477
-0.266358170563147,1.27152692858417
1.79769904835946,1.27677716117825
-0.12234198059849,0.222093911843224
-0.391386729531617,-0.853551894113323
-1.42787496036322,-1.75024281621938
-0.206751206249981,-0.233018116677671
-0.23111447770913,-0.0801765229704396
1.2883922379561,1.29724941570724
-0.308570728551811,0.394589075068874
0.527707492577351,-0.132875200407226
0.89882899152167,0.286149585514552
2.20502220359674,2.22280931015261
1.00393680875566,1.22847318554476
-1.9502139415707,0.0132525190901697
0.377479186215142,0.19346669881018
1.31070401809824,1.54110913773107
0.529002110523491,-0.671656573756108
0.203455656084828,1.63874491887172
-0.731470112799593,-0.954229409948055
-0.524385844602094,-1.75167840360307
-0.533666152140826,-1.07734485243658
-0.163352712424295,-0.225197432996739
2.67874362449678,2.8594440557546
-0.672674595571518,-0.624231953260038
-1.16346983082088,-2.41410024790236
0.825998738877427,-0.32896111461376
-0.141750715350081,-1.3189596070996
-0.0112604484805598,-1.45021847175296
0.577007846202498,0.748687651456675
1.02866431366878,-1.33462619378576
-0.840458563862797,-0.836641552915203
0.692905100159336,0.600415175821163
-0.579750670250952,-1.66509922192952
-0.799838666577413,-1.3277011335038
0.133409923653947,0.489741182816336
-0.247418892151699,-0.830940955049487
0.259097925560304,-1.33403934968566
-0.242288328940065,-0.0215246216817302
-0.0160834143909637,-0.0300633140423436
1.76732747370775,1.1838196209264
-0.567574905232733,-0.274451467183235
-0.548106838451479,-1.23987798259528
-2.30566796705449,-1.3935464211311
0.556972973110564,1.0174989802223
1.1369363936931,0.895967633798846
1.71690793745854,1.56140157380697
0.321305750509538,-0.0847767899423494
-0.474464301035864,-0.368153917289421
-0.756809847849544,-1.06039851968615
-0.8291102412226,0.196379280369032
0.636307323771054,0.741403711451577
-0.389868422584124,-0.186710300782734
-1.44390425125508,0.0210406104262024
0.112850740781727,0.656214604660683
0.102602586850742,-0.848691215829862
-0.0688232771921707,-1.57017218046978
-0.665743089595164,-0.941796889041451
0.625525649301126,-0.208941296855326
-0.778320122676765,1.6351519665323
0.778979205335127,1.40833527382774
0.204444561558016,-0.0523899300638596
0.0460888407991476,-0.842500313332385
2.45079938371916,2.5736387285057
1.25596513142036,1.05646475040021
-0.897323035573164,-0.538130149695387
0.654774621229518,0.201610101723975
-0.137552561725144,-0.361440252608555
1.12070508272225,1.30370283798272
1.21891244323507,0.791938780917345
-0.715299395988905,-1.0350094481978
1.15336082425838,1.26377610776461
0.761691425298316,1.76091425045109
0.0385690257481004,0.953266202623121
-0.649412216491819,0.21598312928057
-1.27074998661289,-0.333975131645575
-0.896723227460641,-1.17502729277049
0.941514749732583,0.868378993761069
-1.41863774603521,-1.0493209930891
0.674408106153542,1.46592355826979
1.06699372991869,1.40741431457221
-1.37865130558579,1.15407310865817
-0.0334333926256212,0.397733660280325
0.602574211707207,0.255529839723963
0.011189334247151,0.529504825762145
0.294513874552479,0.539229742996057
-0.0571808713542189,0.147349865891424
0.130333661565797,-0.138620538914859
0.198527795059156,-0.396367939391419
0.295545697189001,-0.469082641326396
-0.918414435472719,0.486269898088
0.183712391345668,-0.868476338144396
-0.383750982599129,-0.992314907270389
-0.340862601293429,0.574516483474422
0.339924540928938,0.314651917948049
0.940699581574086,-0.308346512655494
-0.46935565623011,-1.3976443181012
-1.63715087862712,-1.7003083689823
0.068767708359643,-1.07767866524302
1.01202530807402,0.667879375076486
-1.44059325603131,-0.752644391920566
-1.30204324797188,-0.81329760241015
0.940126520363382,0.391285193386999
-0.411215890842197,-1.59612181690562
0.682212569441137,-1.14998173437523
-0.898565498285812,-0.826432152810145
-0.251221681998621,1.19429756406962
-0.450131365518933,-0.339547756144045
-0.477986811236726,-1.34968220452318
0.745745210432284,0.73414099509014
-1.00440337838236,0.839124077754641
-1.67592572685913,0.619795310559603
0.222902916095415,0.627863709184972
-1.79893601244177,-0.819564107822892
0.483078639251212,-0.854250108966337
0.55305143318967,0.211571832057897
-0.419065252088142,0.417013354553304
0.716414836593485,0.823725652154283
0.5711096642046,0.384025486900941
1.41443161941134,0.992022483288554
-0.258555943513233,0.308089790529621
-0.98975609395272,-0.760485158250379
1.47624847514263,-0.439187973670437
-0.618278141520984,0.190829481372099
-2.04731935091926,-0.496653748221289
-0.71480718523469,-0.929064401008277
0.464747983802206,0.382130860854779
-0.7017828668986,-1.84435641329804
-0.0596699529839849,0.663543459128746
0.0836401423350088,0.162355160986537
0.996248795538204,0.664962194291272
0.155393853859297,-1.40727488852509
0.73091505748745,0.637879884863612
-0.0450282592989707,-0.917082846674976
0.897267740003595,-0.0345437085971363
-1.13877520301242,-0.0344692229912609
-0.684193632560454,-0.44036549476237
-1.13182422199716,-0.421849903624136
-0.720654546958247,0.510331820662297
1.28272088970285,1.47088932981525
-1.11750077160648,-0.977528351053944
1.19006087250691,0.383020232926191
-0.424304223594057,0.622993944770831
0.312306286542101,-0.142486845409655
-0.145156661773785,-0.536050742752355
-0.742746442154922,-0.774286231307494
-1.59418243845855,-0.248029740897065
-1.39292004879291,-1.0554451907234
-0.128664474506482,0.497227500457206
-1.53779060285446,-0.98469349790386
2.04624295905439,1.95362612008727
-1.21141029735266,0.0480324427630128
1.31439728378693,1.29581779633244
-0.32318952441094,-0.754903441810118
-0.516879663795888,-0.244311411639242
-0.813303042856704,0.155557889246694
-0.694311124251638,0.582718925479232
1.81906295481512,-0.472525068571299
0.769800040568295,0.352885890558424
0.310996920244701,0.447296931254719
0.246363122274893,-0.0415098722180184
-0.983025285669485,-1.06483392261889
-0.0847074294745336,-0.716180818127445
-1.1626887685928,-0.530066531537896
-0.61198792456634,-0.389665861181071
-0.790268979088955,0.515193691420401
0.467576774639711,0.43061756441147
-0.684664197470037,-1.52406126545761
-2.01427845722358,0.302581036014958
-0.847766789210878,-1.61056406848044
-0.866271124000869,-0.937374449529348
0.0753491471549725,-0.25245640707763
0.810560393658102,0.750395277880248
0.341987724959263,-0.195090329349955
-0.37651489762363,-0.254208367434043
-0.33661979083817,-0.442052918723191
0.132863208004775,-1.02067228577738
-0.254357182442488,1.10268469745966
-0.21506573155629,0.525266824440883
1.45632491626385,1.29816688671675
-0.877311999784717,-0.219395451680885
-0.746803505072197,-0.00922492765025879
-0.290354837400501,-1.23352719619483
0.886350030358765,1.37639150406461
0.0927704325032972,-1.98225308182844
-1.0913173919916,-0.530808028829829
-0.42663014653357,-0.828593390433399
-1.01471690512159,-0.353240955942694
1.37604531212382,1.38588335830542
-0.0889719009607703,0.0720421015117614
-1.71636976885079,-0.525865783661297
-0.977637481975469,-0.881450717973875
0.137066310143462,0.0576659417180933
0.57417118994606,0.240559890740249
-0.731372661810161,-1.07458063877166
-1.63277282750683,-0.517499280145405
-0.79079227022743,0.540526632547323
-1.64498789425754,-0.170960553914119
-0.391954442690069,-0.323720214463116
1.14933353963155,0.431110598748824
0.241559122476732,-0.470800981994777
-1.39948701584576,-1.32601871633188
0.0516148988758235,2.00209647343414
0.212192496679275,0.160455767447339
-0.219209475513857,0.157484148353705
0.403160286241787,-0.673302814714138
1.35004607938911,1.46855834421178
0.650646053029895,0.678386241265794
0.256274199911069,-0.303969153784781
-0.240734784465353,-0.628634594524707
0.751653016128985,0.597082990185392
0.197207793146207,0.393979069255935
-1.51390262576631,-0.0447317733450406
-0.409900733557776,-0.000564847095200904
0.0546455289579912,0.353303853786936
-0.131050284618914,-0.596264420480341
1.4656664994976,1.56514812681288
0.737712836310009,0.804583293235016
-0.967833662818994,-0.351553229835294
-0.86889420748032,-0.953843680279822
0.605175717763328,0.477115765282481
1.44245269628312,0.710706598475277
-1.82649845953829,-1.84844527359061
0.17232485029293,-0.330103347015223
-0.393258704733379,0.259462806151016
0.0819897953623573,-0.158146984024013
0.596598190874458,0.235325914099414
1.98162717081301,0.320443702691883
0.501462565744485,-0.208302626036097
1.00994504769034,0.78507130270733
-0.927641129074224,1.18737982351265
-2.40788236381061,-0.208626634379306
-0.612882327802196,1.45276023824413
-0.790364167855359,0.666999292304217
-0.888112019094143,-1.2023070493954
-0.130194859165206,-0.862174971594068
-0.501855927036539,-1.00696725631032
0.424635153342798,-0.0796343473647343
-0.636694888502032,-0.907510021462653
-0.32671554404944,0.0761122768242188
-0.991958154742446,-1.01699441919169
0.926995356903735,0.832577452631404
0.0286655197975998,-0.297244565736813
0.947885033631015,1.04121134986697
-1.24270604313195,0.699524534500153
1.03072691555752,0.701536004289363
-0.259462799255932,-1.37678104457263
1.42896001875715,1.57626432329307
0.0669670344887755,-0.234899219601173
0.611669704851209,0.471126027711606
0.75057182151536,-1.96997371216085
0.020513701822749,-0.249688085876821
0.332244976696458,-0.900559503694054
-0.724251892841168,-0.375314389435678
-0.625568480786189,-0.548111834535884
1.02857236911471,1.20985329301498
0.016397843928925,0.0104370320885436
0.069595495149066,-0.586913207578752
0.817277213065934,0.540163750438649
-0.325561729037065,-0.314039224052402
-1.05059493181153,-0.0380569951529707
0.0609542979338694,0.273363394243162
1.20848328479509,1.28576431907636
1.27041709218974,1.55651874722702
0.380211490568282,0.273443807342538
-0.110484628252846,-0.730592212603568
-1.16989267194621,0.0901031375929706
-0.418921062130337,0.699094580763259
-0.522647403589814,-0.249346625159693
0.349204661098318,0.900993169461682
-0.504392535787819,1.06020344311319
-0.630919085778993,-1.06199225508424
-0.813051723010803,-0.566736157360094
1.16117015412327,0.929677782220052
-0.411055916552028,-0.240022617934475
0.900061271209432,0.213715135932213
0.345784390941123,0.575684398906606
0.168677692608081,-0.750123354154468
0.862316131512852,-1.18150875468488
-2.8285931627276,-0.781589305924245
-0.600016290208132,-0.160119793850256
-0.172379436613878,-0.232017776402743
-0.571448547450859,-0.120309141167718
2.00942220525621,1.84852347374439
-0.178246360799963,-0.449359974215852
-0.0832920263746411,-0.446106151049915
-0.67388941796421,0.529711227953868
-0.451298458780193,-0.0952124536593956
-0.732070489715288,-0.177256919097537
-1.13969143087292,0.278030049784258
-1.46793975951462,-1.08044843084356
0.770242781562796,1.00887200163555
0.274781652456011,-0.846438515709139
-0.0112659890142544,-0.279219275382719
-0.219604391398474,-0.524540519946903
-2.98419892810756,-1.44788212240501
-1.1999283017369,-1.97689152983474
0.110476568494572,-0.663250077237362
-0.260085204965067,0.155077108072609
1.3683134758343,1.59166751263213
-1.24568384476629,-1.58629513518779
2.07051348515076,2.11850039760642
-0.557472197802822,0.689086103327676
0.0260781686747415,0.470826071655767
0.039329744339899,-1.12976163584379
0.376255794521927,0.623059708467044
-0.190552166876576,-0.106655276778764
-0.186638192792928,-0.112945473380935
0.302603998532331,-0.710768157614135
-0.40410035195179,-0.129459767309676
0.283787385607261,0.106647210715128
0.43721095392684,0.0436701773254975
1.2050214411006,0.210386192882761
-0.773763002042041,-0.633046681623562
-2.44764892748169,-1.30813699851073
0.955566354138864,0.26200124640781
0.718692518951107,0.831645874928639
-0.555065359200789,-0.48380036692996
0.723679450482114,0.671414390451951
0.690594826424643,-1.09910920502396
-0.303811040835949,-0.972034166643012
-0.785075048514657,0.383974603380576
0.228038701756877,-0.709323005383453
-0.114979330550202,0.193995316600405
-0.79843603789775,-0.944389755691897
1.26668348127573,1.00037670959328
-0.564832977008651,0.0932864558349562
-0.947137608292547,-0.193528910941223
-1.24503521182225,-0.85517644393794
0.544714647413323,-1.11663738218631
0.713263223894676,0.224012103665964
-0.875504727655023,-0.550847946755435
1.67227825822272,2.0082577183957
-1.20740157524252,-1.40370170538035
0.538980917493187,0.643161365276763
-0.774665282881646,-0.817681841975993
0.701320922906083,-0.352646335301497
0.413064722746169,1.11982352220355
0.483032490575569,0.785612448417712
-1.7022875970579,-0.291878129431701
-0.755485987180734,0.265347714086106
1.00895779760495,0.334681298722245
-0.279300887799287,-1.62771252810485
-1.01207982169822,-1.37375450726327
0.527087338557812,1.88563976124322
0.0504859308887159,0.508398438495705
1.01264543341897,1.48244909707501
0.710678513166391,-0.175623796776079
-0.60698891702574,-0.67269653410743
0.242506591314353,1.153956876261
-0.49866838459545,-0.260553093767795
0.795839536377891,0.910973280271263
0.0886451442609485,0.878433955481217
1.24294134427607,1.2376183819963
-0.275802642704178,-0.376739768747173
0.11557680274898,-0.222282652495968
0.66900785345998,0.558549567299339
-1.04184240740726,0.0179455051018244
1.1346594233787,0.433919215506903
1.34666598439624,1.14006001874651
-0.0507751091597198,-0.373196923192085
-0.578636878088697,-0.410952178684058
-0.403127276497557,-0.128952800803456
0.129430434149001,0.536065971645781
-0.855675403840207,-0.445017402549868
0.577438839664934,-0.218300310351418
0.474675452671668,0.47254887588046
-0.146744303755149,-0.0583818249483245
-1.03206860920217,-1.35110424958133
0.209465980560861,-0.584529887782156
1.4216980442934,1.23287052681615
0.802330209519374,0.603677703263016
0.376054557803681,-0.02095997583524
-0.712133765025098,-0.624951519132362
-0.140827953675531,0.00323478902324305
0.903038588842095,0.584932198635826
0.0849057816157868,-1.20100904585103
-1.38326522922722,-0.174092128029371
-0.0407977353597742,-0.103837934319641
-0.704248850879064,0.870327354733276
-0.618990462599347,-0.0462359527432994
-1.40250927336569,1.42812060370246
-0.226244242965285,-0.217139761561628
0.240904103613235,0.100824748900038
-0.742448042101654,-1.99217454688563
-0.513971496598732,-0.7749780862389
-1.65255868185743,-0.43900064355985
-0.995896936517854,-0.683689381650451
1.11569183066675,-1.24518021354547
-0.0558519094597871,0.983690855459922
0.95296308305339,0.888505319526868
-0.944155119553259,-1.54219867095148
-0.743998896846561,0.385046779932835
0.0386913922252582,-0.0507043718454028
-0.705246572249072,-0.045707873156953
-1.56268784722967,0.268766972264663
-0.88023444895556,-1.34468693651792
-1.80930835710759,-0.655970202124059
2.57015306341647,2.48259951078239
0.282251295662895,0.334797060908858
1.57119003529426,1.58401601679937
0.0403730500670988,0.121442303406874
-0.568294321625771,0.764240073484377
-0.621173635946274,-0.0670787512413708
-0.887686507217328,-0.206216921003535
1.52333186197129,1.0975047944024
0.307381421576198,0.22259411882307
-1.19092301713324,-1.11812257134064
1.28403263057141,0.149669633512836
0.707719867635877,0.0409338178349627
0.394625021360084,0.346615796683609
0.622858132558416,0.76333290847644
-0.0604460332723544,-0.649133258130445
0.452121640912271,1.06909763380082
-0.00167064903155443,0.0419836535727607
0.607172165270547,0.834314952703607
-0.395653891414455,-0.594369681425293
0.971890665258846,1.07776013980236
0.123065749100681,0.18392999130725
-1.41457136129184,-1.83188663233683
0.371456251327624,1.11713328310937
0.0927718638672788,-0.608228321596184
0.478658050637263,-0.0960730412805611
-0.313173431778604,-0.229638945485536
-0.586517318895929,-1.34788680173265
0.322281708868377,0.430415777424193
0.274188882344703,0.838084684529981
2.31405012204734,2.28711502537197
-0.334144506948792,-0.310294350206224
0.471068664411285,0.088737484787087
-0.656504225934648,0.896687111589913
-0.640655281343971,-1.1651623290127
1.82144632139139,1.61417759482049
0.896793454998462,0.0164420259910282
-0.995057460653343,-0.904576992508301
0.433009922344287,0.704107049830526
1.57648929107134,1.43254295190414
-0.608110517565999,-0.877917046776995
-0.0510461508606609,0.272136343300935
-0.659047291703384,-0.802104816567431
1.29396573622242,0.785404332306532
-1.17114480357139,-0.343087997353554
-0.57523533394394,-0.870484874945175
-1.21094548726162,-0.195416532329509
-0.899949671185471,0.742838028242191
1.6261926223565,0.418279866628462
1.29673046142763,0.963198633371524
-0.560561575384094,-1.99233342484789
-0.160664545902883,-0.939691938655303
1.53898961532459,1.96056547935973
1.15440468038313,1.22440210566118
-0.140462659572951,0.452634791714344
1.24875108739071,1.24157945060275
2.0133581409509,1.96259888920654
0.0589665415538417,0.229235163932247
1.68804242107029,1.84125256197496
-0.441534429391702,-0.634605387404076
0.192493068062589,-0.916441113798435
-0.477115122978476,0.719934313714361
0.754895680632223,1.02334013576964
0.535089575072183,-0.016784107128583
0.720708287093244,0.404944995445418
-1.13561367820782,-1.40540359523999
0.749930569015612,0.517350484934415
1.74884793568016,1.92753578055887
0.790649964861172,0.568764133519935
0.0495287451296381,0.554807357608271
-0.220690649489515,0.168836630039241
0.496253451609157,0.574374493021118
-0.208149706968595,0.429676966410163
1.85759103510329,1.08063470564912
0.684513907879637,1.69172296218936
-0.0133982959597523,0.495230254088135
0.493745116583267,0.0130939760901466
0.577037084525588,0.733668965183306
0.823691950845942,1.22537222796069
0.0457267011967712,0.888398121569035
-0.517128377330809,0.0659093069786394
-0.394154051240866,-1.05598977700555
1.18378021702591,1.14284666893316
1.20786250677282,0.477402780163122
-0.293694382361768,-3.00138076847087
-0.0440910054249294,-0.485277718246661
0.522270788147343,0.314739012032575
0.695031152023781,-0.923113814197309
0.1696889102925,0.295980916552853
-1.84785518080966,-0.416151748804873
1.80492598934202,1.43647564960995
-0.466206340221662,-0.949409142963086
-1.07405311565232,-2.45752730445514
-0.0331917375706094,0.662317498283729
-0.945169266492841,-0.960519289630541
0.793444451682543,0.933530296543933
-0.285679172379108,-0.208255411396635
-0.0882509985681229,0.0411532876737663
1.05124437547154,1.64629657841476
-0.417036255333667,0.341849381781894
-0.118469704776574,0.454308397456921
-0.280346361024444,0.580528853198435
-0.107036192589,-0.79960481846618
0.703245290500338,0.297275983551976
0.690185164647182,0.60998986318095
-0.741752040561524,1.56848807105276
-1.50946804193672,-0.541108009782502
0.425731127193995,0.653199012329824
0.0515509731567253,-0.776695640170623
-0.596614695600342,-0.0262662783314346
-0.17845833616126,-0.642275172938275
-0.100084428164049,0.191372314845997
0.979243538812296,0.226303508887973
0.173458772338356,-1.44764116890554
1.32128588950519,0.242206128677049
1.13926740033748,0.794962482410402
-0.107887304124683,-3.23185062278242
-0.963571570448789,-0.424090639449171
0.574794494796901,0.349959112368362
-0.053973704234976,-0.0780779627857197
-0.520328195542583,-0.694304153906504
0.573671498744479,-0.378403867626305
-0.499137028068657,0.129821589502078
-0.863423540277661,-1.24173193593712
0.192748654769747,-0.393398770228297
1.34903991645891,1.72317238814873
-0.288291935044412,-0.536345079182194
0.473966760399942,0.675914605013992
0.646278277580356,1.0709095829236
1.53877230377594,1.53107645264725
-0.171192307623303,-0.104963325513356
0.885860064091596,-0.5128783837485
1.05918133864292,-0.0184271460858424
-0.230788839102558,-0.331543280405527
1.20703938263031,1.15464094008982
0.183901980823416,-1.38594851483361
-0.827629212127761,-0.688097034471537
-0.193335505883934,0.0484238139669976
0.241225490189197,0.642525855262007
0.00180772835319905,-1.19984253674593
-0.747747787926906,-0.352589374682675
-0.070151568991489,-0.976524867501989
-1.38190693930337,-1.43818504749398
0.340538161339538,0.674017672108729
-1.03277793738522,-1.3347171487268
0.308589367781904,-1.8559574375705
0.213128919731975,0.0744246542546066
-1.58087758939813,-0.848490325682497
0.919750502251306,0.883291272617996
0.201732055279798,-1.05338370677622
0.53463918614797,-0.851519489423885
0.655952497446021,0.341285285567765
-1.43303566839525,-1.04930667072444
-0.0252712828226792,-1.74010973997805
-1.0641015198408,-1.59605460301273
-0.181855347046088,-0.815722088826855
-0.28369897530798,-0.377066308625743
1.20984144938978,0.724358543368853
2.46621161381253,2.48203075242026
-0.666061512604154,-0.630672921903692
-0.800798012052271,0.726644380075355
0.263442067759068,0.781436189524634
0.254019662190421,0.195804630699371
-0.893074524689086,-0.156222551504707
0.67950962758377,0.595121108214539
-0.918189525245273,-0.695402184109577
0.169897459106388,0.0658327208237209
-0.351035219028615,-1.55202792660756
-0.232176066646146,-0.162675245249861
0.434503411326095,0.359838800345012
0.142335643518711,0.123979783485195
-0.374625976607436,-0.155675530960021
0.716261802900804,0.85804930275899
-0.552382841549309,0.213526546798313
0.809793557822157,0.134119890790181
-0.919007665246808,-0.558402392488189
0.553305376208816,-0.531743900177229
2.06187062278676,1.89313167329163
0.033859829474206,-0.0582626842104769
-2.34946419370377,-0.670433099577125
-1.82273623034967,-0.888877004499352
-0.126824933945028,-0.134704809278614
2.13525643678912,1.8379180804658
-1.89948118305242,-0.892757690327211
-0.235778209968802,-0.41270065150411
0.0076234066364352,-0.0776882424755807
0.214224459889399,0.470137241162941
-0.0824512644903064,0.765770991903877
0.0916662156682871,0.328555915949443
1.13807974929155,1.22074361481111
0.228885168592691,0.202694540746623
-1.21898192854944,-0.394535258088636
-1.18958004357056,-0.559325780183046
-0.343322189279459,-1.02592496754782
-0.538831645887004,-1.63467414055152
-0.678351177801419,-0.4123867798846
-0.395431919200591,0.533437791759611
0.0856966689468835,-0.200050945110402
1.06988201330949,1.85999090456072
-0.73490456104867,-1.61521237699302
3.56337030668506,3.41895671205097
-0.335483856102821,0.119000796871482
0.259643499853037,0.471747813651386
-0.0404995619853487,1.28952923412491
0.098820000317727,0.579991387710957
0.404354361627325,0.359032606585855
1.90599196180014,2.07485415006638
-0.86780371067285,-0.0284670539514281
-0.765777436173651,-0.97873620005599
0.96682432594892,0.494213465979874
-0.213216133398916,0.453125569738174
0.613917830301691,0.407024103489727
0.617898209776307,0.58442394001842
-0.443362913995242,-0.249089806247754
-1.35784675482153,-1.46360878683856
0.112180835705999,-1.04411580943213
0.98077373667183,1.02457762669923
-0.969287517982574,0.390955823913354
-0.436816483425228,-0.00940490748798206
-0.365232422751096,0.36158955329759
0.408407094679648,-0.185903246537744
-0.115313461032401,-1.05790649504133
-0.955457630836834,-0.497671359079514
1.46198148907161,-2.81951983134714
-0.716800479558333,-1.36522537347395
-1.62708697931779,-0.977948674089592
0.564035426680021,0.686927934603557
0.768848676874362,0.579692801559876
0.0604062801624513,0.784474790156453
-0.82351548574677,-1.79475780919166
-0.981262833195575,-0.461952341862427
2.04657263074838,2.00930662966882
-1.10177709447222,0.251994562547131
0.907593325293436,-0.60376557620605
-0.856566234221843,-1.44914305053004
-0.102755429197962,-0.569321116549493
-1.09030713502678,-1.63179404793016
0.80143076160806,-0.833345025079538
0.65806193345826,1.30527168215884
-0.821727760514931,-0.792644732635896
0.192180771365547,0.496156725409001
1.86503238173857,1.92949997687091
0.0559284720259906,0.109926914474372
-1.05947591453053,-1.71639470314518
-0.256754628548822,-0.222344698753981
1.06950924108284,-0.442158582401577
0.304795615125761,0.228403173612876
0.344677572162408,-0.239392328192004
0.609613744254616,0.71997499997825
-1.4068081087652,-3.24844972042364
-0.809087491984958,-0.36220947306797
0.303862923460302,-0.0723566363138396
-0.447120656395961,-2.21677005450615
-0.740483279678561,0.425020425212826
1.40815151253155,0.622666786180456
-0.253636712399484,-0.730925238074404
1.81487611864264,1.78931673136753
-0.308984657090798,-0.751670435245726
-0.403086832306876,-0.193823029389413
-0.113633988910997,-1.25794967822196
1.86741522065099,1.91906406676786
-0.417769737747657,0.865309208090895
-0.491998707545559,-0.694219504974404
-2.1626594673372,-1.12495783698284
-0.730911889921965,-0.360720199640725
-0.0680842548099189,0.9721276516347
-0.357865167556966,0.0326152737240642
0.0192641004731127,0.855656116498226
1.82701000738779,1.60355688622667
1.19080966153685,1.08372720316261
-0.717285316124748,-0.983932752632572
-0.513319887979835,-1.49047017545276
0.479257154856845,0.95217835659637
-0.450912450349618,-1.18497195468588
0.963156366345157,1.35364456882337
0.163831261708444,0.563972862228082
1.29789600255103,1.49291731235839
-0.254746323113914,-0.272632639920131
-0.486289984365049,-1.47735450325194
-0.383339635947158,-0.1575927190554
-1.42225312215498,-1.4282044345711
0.952788046672575,0.0152467888498654
-0.831677512976025,1.35300631218943
-1.89323804994892,-1.07127939573145
0.106625264679628,-1.1501630593706
0.518940665149513,0.902046766778294
3.3051641274176,3.49163886800065
-0.278888272383487,-0.670287554093779
1.67665787749637,-2.45077991971003
1.44108545651451,1.62104212493567
-0.834729197084666,-1.70499407466304
0.110477627509295,0.434203918491431
0.515152613993436,0.8766846481747
0.0523235436744246,-0.501724247973826
-0.213440141452809,0.0678694411675938
-1.53808393657386,-1.0355594402801
-0.587555600045323,0.344198456072941
0.447668801965615,0.408516795970312
-0.328167395313252,-0.718792473582564
1.30534497658484,1.25242652390922
-0.270284186852577,0.527601724409584
0.177756118787741,0.462993210512657
-0.882979127383508,0.39099415935924
-0.655565557281511,-0.446186702558831
0.822449990052877,0.305805358959131
-0.194267754515386,-0.405355243292265
0.0355339437936704,-0.490985626254936
0.0232634868185147,0.645673968143636
-0.235365525635292,0.347152826071868
-0.438870893676558,0.0649179960531559
-0.531964452921939,-0.737162906829374
1.50744951648552,0.542558053636624
-0.1674817605124,0.377773904786233
-0.0546094769992955,-0.0853526130279124
1.18950018799307,0.727417167831159
0.387885973060617,0.340159256860814
0.648191473652796,-0.522091992649931
0.0858367119241148,0.781969114932128
0.159550061520213,-0.935412483062073
-0.156165145181115,-0.0898415592791704
3.22725419884039,3.1034527892093
-1.90781540600108,-0.53770194212373
0.178439144495925,-0.234118594894364
0.717174755300551,1.05444431517756
1.11547202306872,0.981191253168419
0.740639480876973,0.359049593788849
-0.469345028807321,-0.875262493414657
0.316657379110202,-0.0553892591190731
0.350635144638326,0.401541241801234
-0.116831041702037,-1.69939096024456
-0.736984636619169,-1.49750171421321
-0.439051455290278,-1.28907648485547
0.541664982200512,0.244440310121797
0.622797316969097,-0.0869134025145104
0.759412467255499,0.400566044070014
-1.50842434807824,-1.05716059112731
-2.04932054089914,-0.897807375768297
0.12203424442147,0.123114764170439
-0.535689373895772,-1.53944573733232
-0.463202586907761,-1.46177254082113
1.21357778353408,1.1536985351864
-1.49836039076171,-1.05401102500043
-0.0253274283794519,-1.86547255793616
-1.58959497752835,-1.03718365008491
0.582338596896689,-0.570923921525573
0.174260942283962,-0.962003414616552
-1.00255706470196,0.300915285691498
-0.432663082881564,-1.33990984109221
-1.42266721035346,-1.15594183149952
-0.192147772972287,-1.1291458887097
-1.28394884972572,-2.09317028893224
0.0436073386808613,0.144426341800338
1.55063018154554,1.74782929548964
-0.242360085623085,-1.18757936689843
0.87214508300453,0.861957915216236
1.19289235048545,1.23179095978762
-0.235994753707044,0.492725038906061
1.23360188461121,1.70487351763437
-0.136472409716214,0.444554276814867
1.26344202051224,1.3575706372137
0.655648860013243,0.0326999148185989
1.74651316878272,1.81851994198662
-1.41392570633296,-1.27975016233411
0.675794471555481,0.893079489712953
-0.861787102958946,-0.226129520443345
1.24243200081598,1.38091220400443
-2.25803527003849,-1.81587452427927
0.319472064053773,2.10062668685126
1.13436145309541,0.978919036501709
0.0889681295281948,0.220645737227529
-0.242841247168207,0.0879263567577384
2.18904603951102,2.52404220462019
1.96639279250526,-0.346120502225099
-0.131236826682565,0.0960238974187833
-0.719924888242897,-0.880406599048142
0.177300711413152,0.776954732367868
0.454737335835691,0.849097286234984
0.469502246841738,0.254857462903403
-0.298797302236203,-1.48975030551568
-1.22359301164751,1.23023889662112
0.711252231459209,0.586351210968271
-0.831170601541251,-0.227307662029796
-1.64361171865708,-1.97124536527325
2.63074262422789,1.83488971663745
-0.595673512811599,0.429303658315002
1.62866876110536,1.4721684826358
-0.296292675227006,0.119408493744762
-0.30354409837138,-1.81742692839203
-0.998222977187055,-0.638054360088632
0.960120738458616,-0.0999558614341783
-1.33653801011762,-0.0438581465992656
-0.00861919537010262,0.658718010874643
1.02008395060202,0.651093302380066
-0.0702540548033321,-0.415268701240617
0.0711445568859289,0.493056516058113
-0.850338054677372,-0.373328896046946
-0.554016384266825,-0.577779565658527
0.717258687037644,0.818521920230376
2.27901974300758,2.29812313953428
0.322302963180336,0.576572381147364
0.158304209911497,0.807300647662569
0.18153366005777,-2.02805578334264
0.266772572004558,0.666849187589287
0.749500612020662,-1.05133948868579
0.21887717384348,0.371741215859089
0.40465304549146,0.425622829816013
1.033633464511,1.41359535300584
-0.0358927203457835,-1.85919028879922
0.916239778790958,0.483570851211579
0.269167818753384,0.465557289356998
-1.51043152151876,-0.183093904893733
0.507293991945491,-0.423147739079769
0.917766592246015,1.35940989539361
-0.276650590596255,0.0266604139899659
0.710763026504522,-0.694292481919763
-0.117377028430999,-1.98581397206971
0.0600940901262753,0.776067061011542
1.93635102333648,1.83672969188928
1.01922796443278,0.781988407338754
0.0571796623620574,0.269042717518502
0.225925085188648,-0.344059007364842
-0.482667200445903,-0.373252474978109
0.556672709938098,0.804381277566011
-0.744013234985442,0.514994553741584
-1.8598011360747,0.422759507670199
-1.07209190908026,-0.214762780749984
2.96569422151876,3.12387502219885
0.703008983856115,-0.677655866921896
-0.0947714878895934,-1.04216646894061
1.91534874170497,0.982283012177678
0.353435508075361,0.804483540435881
-0.0979095970346091,0.110519791693989
0.401386201035026,0.199608296157763
1.69485152276391,2.43348213403445
1.53273604053484,-0.281558689616896
-0.0778112637058794,0.242383977526127
1.16701465795265,1.26351406302215
-0.695486084755672,-0.567566203308862
-1.09255908871811,-0.574761557037149
-0.458198401392796,-0.240410370060218
-0.622913420713803,-0.148076757315013
-0.540840956608816,-0.30766640072455
0.0204413224284945,-2.31303961293973
-0.00690031640508272,0.0256765310078007
2.62951329673926,2.56201565528744
-0.480465423250478,0.870131648406649
-1.13192637987625,-0.974975307210497
-0.811800084282852,-2.61783228674401
-0.483079114493567,-0.872826082655568
-0.213325985254955,-1.6587042742404
-0.781829528767037,-2.20723719687552
-2.82946058962055,-0.2661999201495
-0.797185051522848,-0.365145216816605
2.09761217512729,1.10728921100694
1.41028466554332,1.51728261033954
-1.76891165030136,-0.510457206702489
1.60363615613992,1.55410301837326
0.197934387542209,-0.358132352944356
-0.665533731161943,-0.273236062333322
-1.90913640662474,-0.489937904497082
1.29370082809981,-0.374528649667642
0.416735655070667,0.236581396078009
-0.78169311426262,-0.405783975932567
-0.758161565036866,-0.969174267691298
-0.270686305854887,0.0248603472201496
0.150454452685119,-1.45344824190299
0.766432981784975,0.3853625145327
1.94052396789618,2.18108699576536
0.0545492989011189,-1.55141771412015
0.366796058032927,-0.471650534617056
0.34793609433324,-0.0101545338960336
-0.393692244017987,-0.371099140631642
0.066613323874962,-0.700325441382542
1.4376077357888,1.63699488207608
-1.27641432136449,0.2102417620989
0.415517215260478,0.194852060584491
0.230713519762561,-1.87037991878638
2.58127710784435,1.49134493243509
0.877888258467494,0.605998306591556
-0.386713870114173,-0.884339493371577
1.70969619400887,0.80962650546868
0.339167882553958,0.90161003163787
-0.37979507454077,0.0673429235961801
1.35194240288585,1.44023607566271
1.27649269492724,0.834284263933263
0.641353211820149,0.0338445368511743
-1.27257184558525,-0.748846278659531
0.912066721871645,0.659865336039895
-0.409907822972844,-0.472811583571456
-0.576541505203548,0.515669058952757
0.216471143692003,0.468978795857663
1.97318039725959,1.51646948202748
0.174992192641258,-0.549260348278593
-1.52192973368549,-1.21997288252826
-1.91730391205004,0.217506812222165
-0.0401042457074896,0.0865142258622004
0.639487271167229,0.0152325667538444
-0.771525775608268,-1.21370631339728
-0.297552378669852,-0.233023186495613
-1.42399275085098,-1.72635809724993
0.382247327597393,-0.154949967640464
0.740314986694778,0.0132340755023222
-0.642805060075018,0.0364647452535722
-0.0728105630358125,0.381424531644434
-0.21616045368134,-1.50016749969854
0.424820680687991,-0.370967757993666
1.40314964283483,0.834568359361435
-0.223630410203492,-2.01234398626946
-0.247316523886795,-0.459233355498871
-1.16688962202632,-0.546088675423964
1.21194819518243,-0.620940638030833
-1.4459057153197,0.0467509421052809
-1.89189338147362,2.342823226646
0.85293950015736,1.29541614929308
1.64244589944915,1.5208029933272
0.351019214549364,1.44697489248853
-0.630691145672738,-0.378166711888331
2.45140957716123,2.5423718831145
0.224132951432608,-0.317241132848135
0.779970521207999,0.99008742225993
1.14364054761032,1.11860927419628
0.963809670734763,1.24512912043426
1.25260060477188,1.403421227277
-1.13713093808143,-1.00462402667488
-0.147582577678747,-0.515418697024532
0.678801937603608,0.676790170776391
1.68484673296675,1.45674027078828
-1.74510721754955,-1.17093838024809
-1.28938193624219,-0.969366553702314
1.72638546641263,1.94039438149786
1.30691294220443,1.22340069114305
-0.431601905793015,-0.193666464968684
-0.19844949594674,-1.91930601272303
0.460879009108458,-0.125900440419647
2.55169930051745,2.47665754124962
0.0160803625121414,-0.913700036119185
-0.469642917369087,-0.716534492826904
-0.79554521013971,0.198116810930167
-2.23859117030341,-1.35606572590596
0.829185084641885,0.850182532771723
-0.076703816894163,0.967274456322464
-0.121385400308152,0.374510311341019
1.56457075499949,1.57157279936318
-0.455797398743669,-0.234270228148083
-0.260173142235015,-1.32361665202485
0.662419780164736,0.86013527307127
0.310014270476651,0.444122375052864
-2.38789154783378,0.0284356311354612
-0.35618961659438,-0.233793508352843
0.530342157552876,0.73242374859871
0.701291986607189,0.590252962668908
0.953588485979463,-0.623580399476314
-1.75698378007149,-1.57343832448267
-0.362286689357635,-0.0628708222811441
1.40946229445737,1.91406682757082
-1.30328624961096,-0.749849071203749
1.55662161524229,1.33902220853449
-0.491016156668941,-0.464768856031548
-0.299959700644647,0.219719655368659
-1.7840749777686,-0.108481450829729
0.529952760215587,-0.274923300563023
-0.406517754239132,0.358983166741474
0.00916105343118073,-0.182003244271647
-1.41803734351812,0.349542945789586
2.29383645477517,2.46011559509201
-0.295151518056323,-0.0792604531428261
-0.662604487460879,-1.59561385305551
0.680818033242833,-0.20757987353644
1.39751880384225,1.44369585120507
-0.288299703522031,-0.218460449053469
1.1626235822805,1.23383816770968
-0.138338257408659,-0.740998643466669
-0.459992778000321,-0.0669768010128511
1.02844741756202,0.748489156637278
0.294286940048182,0.677289141301689
-0.26888061574417,-0.170666017909828
-0.043722184189168,-0.0314641023394628
-1.99613960480918,-1.14923036856396
1.92633031375389,2.11579734071131
0.681516186770279,0.457975795210175
1.56433227615558,1.00248741821853
0.0604842005576675,0.642506518544137
-0.818907062906917,-0.54417998930141
-0.166000339989608,-0.230578238440363
-0.382023792488553,-0.695159246192877
-0.352864254484301,-0.685232175976009
-1.11811409167936,-1.18111585394117
-1.30449501985323,-1.13748201851715
2.40853980241622,2.30049388836576
-0.605191700659527,-0.713259338260184
-0.179228374825053,-0.156066617267159
-1.11238799854686,0.307010405015543
1.16704620089371,1.09033678673574
0.333719146858666,0.241604650033653
1.71116010735534,1.70149404504379
-0.9582766784927,-0.259794612232743
1.8460213273978,1.83565154464116
-0.0834307643180452,-0.807969967342721
1.33190265158745,1.08206878899131
-0.404508824296887,-0.284322835800711
0.0439536346352691,-0.559523205844897
0.80131539028753,0.657920602046709
-0.91352654783755,-0.36497496506869
0.0918371478422298,-0.426812354518962
0.700810766419118,-0.51220305367552
-0.300859765072906,0.0897000241882234
0.216564405123793,0.0889081098483877
1.07891580370639,0.75974035083066
1.22204933432676,1.04263199130963
0.332146549180011,0.881499800938553
-1.40806465029654,-0.452504164450483
-0.0691301842609889,-0.484555153019308
-1.05106726134321,0.285273108219417
-0.734644185732443,0.555966950374118
0.352045249178586,0.651086559534143
0.140812811744099,0.0535669467050938
-0.675085747479083,-0.100357644959422
1.10954661070485,0.743449530913622
-0.338139076609613,-0.479148532174597
-1.01239796767369,-1.03263646210815
0.236665701348066,-1.69956320001767
-1.73467645930225,-0.817016728846906
1.2225431353332,1.12250637757144
0.250597632734274,-0.0854147001355687
0.143757326253798,0.164430480025191
0.266887401081449,0.124222210416282
-1.20844850904877,0.0488803001539999
-1.21081036988226,-0.846282277874085
-0.398976758337172,-0.838535477786261
-0.732809267229207,0.685752340354471
0.147579248798561,-1.54935651323877
2.87222324889291,3.21954061683718
0.462507041201405,-1.18939645473448
0.471386647003303,-0.239420692990371
-0.523920944386689,-1.30894163241199
-1.16095968547288,-0.781027464015262
0.177038893725192,-1.20838372956745
1.92172172898055,2.07147774547599
-0.333460527281899,-0.527957790479342
-0.893023651562609,-0.364592701619197
-0.799867018840314,0.611767944537708
1.48117056339354,1.42846298707689
-0.496522520692451,-0.184323862022391
-0.0722660871586747,-0.37160939034491
0.778613433998894,1.16998748886153
0.572937287037867,1.12104579910584
1.45982569564532,1.27281229265077
0.908920257471722,0.696263496771618
0.744184602110203,0.363707193981616
-0.970125979512348,0.289846920928943
-0.115860690436943,-0.881962871265151
-0.485180195727755,-0.297490620784851
0.525952194994795,-1.11400941316816
0.314525833133132,1.05160002477693
0.852298983524333,0.741478108284318
1.2144159822754,1.1971036115434
1.08687359858733,1.30648712405519
-0.615035898818045,-0.390221186070033
0.595560328616757,0.571986611217876
-2.07255492636308,-1.05727593201653
0.0899873524197415,-0.292728151119633
-0.193358567419886,-0.87178595485903
0.420966242561703,0.0244583396299502
-0.717512845126685,-0.230941654857835
0.764281390453901,0.992905393045782
2.20985195049517,2.53887798157778
-1.43922562838498,-1.41657416794397
-0.399405717648201,0.0307483567056632
0.183661758228517,-0.0903443607967604
-0.228025140206744,0.0870239233052818
-0.0674758383274935,-1.60373787383508
1.0673789120141,0.951614309491686
0.561213590748934,0.919004481462939
0.770742854343386,0.566029069310316
-0.883775182812681,-2.00375833854078
0.0311973725246363,-0.915694477925227
0.0196258204595469,-0.447639808010088
-0.343565085224505,-1.0741009184965
-0.730769505869539,-1.07945577565233
2.18808993344559,1.98633272867031
-0.0586277802379001,-0.0775648078772614
-0.249492015700746,-1.06405624975919
-0.350275284641798,0.299690185978716
0.180677897740195,0.36075901044202
0.00915356764670145,-0.392475796503004
1.45804860626287,1.20843544936495
0.666769485141998,0.410338470302453
-0.714054835641734,-1.94411808452327
1.79908703573118,1.67628041394607
1.39245412887776,0.906969229644326
1.16859640770321,1.33649390798287
-0.328632185049481,0.502277057545877
0.890126905919942,1.06699946609639
1.3771103566813,-0.478641884298686
0.0245041764599088,-0.378599326194538
0.660341344008179,0.392303102850547
-0.826847510775332,-0.345457640940577
-3.22407895722191,-1.5863189146752
-1.42765067822875,-1.0340251942985
2.11103950008393,2.19324657712671
-0.431286121778843,-0.921766853217196
0.132427493086129,-0.679760329844851
1.90276570759226,2.29080325305267
-0.203553624040836,-0.110090069652046
-0.248288990653905,-0.0693628261834045
0.802185255982563,0.515714648219661
0.296037914892993,0.077049580454224
-0.00602526395324177,-0.497232872081384
1.20906838484903,1.56493437053564
-1.98766360351877,-0.927525517701485
0.236758768924024,-0.447234848816688
-1.02890673544005,-0.173987573638563
1.87906273539839,-0.423029787676185
-2.00926579336433,-0.450296254173627
-0.477672330024652,-1.06440869309891
0.455167113885985,-0.806216403025942
0.615793193284801,0.341567873277322
-0.0209015035561594,-0.14117989037407
-0.0729616047707343,0.227762377024334
1.48708704782857,-0.521282254788783
-0.616931149985537,-0.941723907829765
0.304106281809636,0.702691640871381
0.76427041916221,0.419354001150222
0.710330989735845,0.299703128436103
0.709287112078875,0.624164057196249
-0.375771239103939,0.0383901447300071
-0.133366210499575,0.367297809555542
-1.79104025336275,-1.41788773718637
-0.111553007592503,-1.67582799999177
-0.06600592352424,-2.12979989051195
-0.243639560815232,-0.255781937546035
1.24821807120838,-0.664104013848851
-1.35222917262649,-0.596049951926531
-0.303749267713361,0.0520057425324158
-0.081660723585362,-0.101018626010023
0.751641791103032,-0.306747247187109
-0.00180227764372956,-0.61954292795835
-0.516552169649986,-0.266697746522427
-1.19055350366492,-0.751638114881079
0.520180398108508,0.713833722954427
-1.6470782035592,-0.800125765723932
0.320475561603933,0.162758058697129
-0.269675656449728,0.534743877211403
1.1548442340734,0.445871544069345
-1.35421128916683,-0.76668063591089
2.2871643433858,2.85646572074513
1.72491268370468,1.9193265144532
-1.5290441350093,-0.44862483418303
0.628198092559767,-0.291364421817703
-1.42310996484172,-1.07859069645391
0.0371612267793543,-2.69035053095006
-1.29817900352664,-1.14377526890861
0.667283680263194,-0.532626754436339
1.79392180024303,1.7607949398658
0.282338591732768,-0.0391257478109823
-0.14638882491299,0.124522169740689
-1.29481252270352,-0.79825085842159
0.672645564622001,0.00889654623410322
-0.663281063709516,0.449683893395937
-1.02059972472786,-1.28726602590031
0.625605803092542,1.11752685153106
0.405996840273663,0.78738626796701
-0.327818527194276,-1.3844012430486
-0.923479341205982,0.243900856639272
0.143896078708459,0.492368591819867
1.13142409355386,1.09766511174592
-1.4034946358095,-1.00810688468688
-0.723789488476956,0.529444270814278
0.631962934108884,0.132179361691654
-0.48211168178601,-1.44053035537353
1.23516613741708,1.13117212666373
-0.0613134405842612,-0.115983973374931
-0.299397865429635,0.260623260322457
-2.45151616900756,-0.730802136588681
-0.338140808477865,-0.506094147556722
0.599519172669719,-0.243835420701025
0.882422203661618,0.682231055709882
-1.94548384161396,-1.08740398900525
0.0868302266357715,0.00753073494433812
0.0362049317843292,0.421629591828588
0.09191189985466,0.948924870100521
-0.415193149616848,-0.953465067566626
-1.92821031176557,-0.523785922357744
-0.135335055436237,-0.350709599712111
1.18921449226961,1.44335982857824
0.263715609997844,-0.235979891664927
-0.115768466452404,0.139379765242503
-0.549603986839244,0.420786462394186
-0.830137331691117,-0.737050882788381
2.55595471566578,2.59568355427086
0.665612644467438,0.845836720889331
0.697300718642351,0.71269434715865
-0.342151852370008,-1.02770979770755
1.62304509330816,1.24744300397749
2.88125150689216,2.85459649204321
0.685858731651853,0.852343814758772
-1.11893800148004,-1.23932319947668
1.96293228735897,2.04728644006344
2.70103473255453,2.8934238414852
0.0404946299317958,-0.104705871176187
-0.661744027925607,-0.529614246616674
1.05770852691182,-0.000662715700168767
3.02141693894787,3.00811668379782
-1.2863901149911,-0.0758684724363049
-0.385451344581657,-0.255096288273226
0.865868029029924,0.695278815895427
-0.958850191221,-1.92124421262265
-1.19854459660153,-0.429166696324721
0.366709039934291,0.740222788073619
-0.923148655664891,0.387156798702484
1.08845099932603,1.02360835803495
0.607776866624871,1.40558787200452
-2.85910236328267,-1.39245051372884
0.787503866038261,0.409631742696583
1.6434990706643,-0.173711127855873
0.216127868248275,-0.0447691329546988
-0.422103788591164,-0.131275670564708
-0.937141237864604,-1.51422527634213
-0.0486574443455588,0.572310875656593
-0.569139112929878,-0.93966680212629
-0.0186818294405425,0.173702798911322
0.618416471660155,-0.374445596504667
1.32348325514665,1.36962563872807
-0.176117096329304,0.0598049911948252
-0.435812663998594,-1.47684319823
-0.54294199092531,-0.496774819891858
-0.799800306549222,-1.45332454437689
0.257389893034644,-0.208701665627383
0.396511387529495,-0.0603054329586622
-1.56638164673787,-1.84932821512382
2.07995122732608,2.30414200555704
0.861416919508624,0.646058705083358
0.462766056956752,0.805395755655881
-1.16122667227952,-0.404366121472413
-1.62196880927112,-0.896491622549642
0.992007374416781,-1.60148250478997
-2.98713872509071,-1.03462700121666
-2.1929939552828,-0.60560144521441
-1.33040147553932,-2.07131953498231
-0.758616330172411,0.055699601118107
0.16247908787258,-0.212715023231493
0.335356746692912,-0.172890837747708
-0.131203331784288,0.287154947838163
-0.444485407502435,-0.0754438464539931
-0.810238810889505,-1.53575426416212
-0.328980300300947,-0.73533207250611
-1.09209513622677,-1.64618106328735
-0.694220182949838,-0.905178415415791
0.401042887928755,-0.358610469120293
-0.487415134755672,-0.268622410781715
0.103889988768611,0.647103894383865
1.27899001030669,1.45098066780871
0.484675569551675,0.622725871846898
0.16990179712593,-0.674170331210909
-0.44813464412106,-0.523003957675888
0.676433146280641,0.543061358743076
1.25871202010798,1.43594574152272
-1.48103786977436,-0.629860395545074
-1.62763266953992,-0.899161859835591
0.684274040559152,0.884803135784414
1.16933298799737,1.36631704996157
1.09103981965498,1.40771227810288
-0.984078152321294,-1.11149658595921
0.576702227588292,1.27738433948664
-1.08594080089068,-0.34260943378562
-0.29203058321958,-1.01407545720612
0.459603977471145,-0.68983579222809
0.97606419030091,1.28759639749651
-1.88395474457308,-0.895108027708425
-0.848685200294811,-0.0579316867705127
-1.04492524074139,-1.54906587183608
0.905994611739189,1.04091230453006
-0.753318722653514,-0.893315196277402
-0.0359386944340471,-0.274424381827886
-0.51331422474922,0.922808639920906
1.40111396018099,0.072836514150028
0.136101414701146,-1.58957036892963
1.0450899056995,0.329304493001226
-0.0120961041167992,-1.16533910342468
-1.48778271413298,-1.05363575355981
-0.721378244047875,-0.717349390542262
-0.123352044005575,-1.71457846762393
-0.506920373182358,0.587353654649262
1.17894615924952,0.391430318424239
0.309763850251554,-1.04744956162284
1.3156558423561,1.02176740532747
-0.835129031359187,-0.227018712370237
-0.170966216573269,0.113289073217196
0.194424820364894,-0.828425562849044
-0.588764561905158,-1.21128453267844
-0.492180210400431,-0.661930377125785
-0.0174771320315913,-1.35196760595933
-1.55456529897225,-1.48183789011591
0.082648921749411,-0.87098298795446
-1.63973041733068,-0.472633802004553
-0.156985909176615,-0.47959818836148
0.423386126150082,0.0221388400312587
-1.66866026065142,-1.34466622667237
0.412445133925782,-0.0214381759911569
0.829019304410823,0.40242369929648
0.370060608309425,0.691068791812524
-0.989844016251504,-0.149310665576868
-0.110291185878348,-1.16176261852674
-0.406701967471925,-0.836171542844716
-0.0194969660046493,-0.656118409049689
0.634085821426848,-1.10720164312453
-0.775257503123802,0.527233419216137
1.20973685044232,1.29117268816226
-0.307179943954486,-0.551408325297492
0.658341737053782,0.217324452165102
0.775607642466362,0.207146622125101
-0.349758415163215,-0.631619858628705
0.0181829491230427,-0.0312636117929058
-0.686782155631613,-0.967855960216345
-0.94380945028693,-0.763177984591703
0.0425485220187993,-0.290445930867029
0.642587845411363,0.632011107645952
-1.56596893106911,-1.73085586943466
-0.010332383876432,0.639927545718075
1.01638966502274,0.918144245429601
-0.393029014249637,-1.28175215043148
0.684869340596385,0.762408757013667
0.732069377872072,0.725210113388164
0.793875212692222,0.0993738305439057
-0.890034772774733,-0.661264396691222
-0.73612734831995,-0.736102478897096
1.13393987510405,0.711254613639654
0.683610563207841,0.605287057065829
0.351354424537087,-1.98289393082204
0.523248213901121,0.869781979623397
0.844663001926339,0.282568973503617
-0.26523214544552,-0.0535605567913154
0.287951729568997,0.224583216050848
-0.407357152916679,-0.427850036783061
1.50341384395922,1.84706727877955
-1.41191333344282,-0.279458767532304
0.0431965210725555,-0.357983710602246
0.791851012638757,0.0387996731925244
0.468532668787433,-0.992203535125777
-0.661430273827039,-0.878626857012041
0.179547999187727,0.454887674794643
0.338331194833804,1.16123006553744
0.328844084315445,0.84933568335257
-1.37979895443966,0.432424527487371
0.0719532727716386,-0.183142620768773
-0.127919264797967,0.111471618948293
-1.53340998020588,-1.91701594311003
-1.76051701624566,-0.630131401880223
-0.678630307385069,-0.939093534979056
0.310492610952843,-1.42781739312874
0.113184993864321,0.487576154370925
0.0482979979028277,0.630661740138085
0.0275762105168048,-0.90825833950014
-0.944178863158059,-1.01607231849609
-0.741862595538388,-0.313743718883036
-1.97205853958803,-1.6096488757243
0.0787032657933555,1.1103839530572
0.990589650444301,0.891776449498508
-0.699569598885704,0.385646293133291
-0.0370355792654963,-1.09591035387502
-0.38054421742818,0.265075260111838
-0.960109000194457,-0.952687410753995
1.77911999523682,1.62434775139586
2.04678131086114,2.21351574444996
-0.140697370021163,0.362751416855052
-1.24547368317227,-1.18830442403425
-1.12034300049535,-1.21327813707165
-0.30879698986275,0.0587254744316225
1.36546677592436,1.85967000603081
0.978044953161383,0.480500185462658
0.177947480363939,0.208042302111763
-0.229248097157374,-0.474879285652706
0.11614151189416,-1.14404877576713
-1.0063512647997,-0.832773072287675
-0.875154267646417,0.0403173495732826
1.58176992270831,1.09040223706245
0.731671585909869,0.993709750643973
-0.195533211904924,0.924167827949082
1.44389980055918,1.27083828432123
1.04737596835567,0.892185218248465
0.422547044423224,0.405589707685677
2.04869750252169,2.25885946904776
0.567142908493318,-0.704808620172038
0.991553130788746,1.09178854848626
-0.143222582600737,-0.928307307820637
-1.73320190598316,-0.144565965648025
1.29380560743924,-0.0944934353219898
0.0500161287552982,-0.239160850645884
0.855710526576013,0.879184477249453
0.874777346596971,0.31177475612419
0.879951649002808,-0.650141440340675
1.61855360674389,1.69351178177815
0.921189341577249,0.637154372443891
-0.353886694832725,-0.694965171658547
0.538269915777935,0.223052691451829
0.877875160440143,0.0358792534018969
-0.119687146630599,-1.71248707390616
-1.32501875536879,-0.610683595936823
-0.114380661356415,0.371776371433998
-0.556757841771366,-1.79835095834228
1.40789248826968,1.24686700430968
0.847533031774296,1.0752794910076
-0.0358840652867659,0.0714338756971223
0.587533576456694,0.645030403194656
-0.398850222150042,-2.37160607384972
-0.0177116234929513,0.463617849911337
-1.97543259826608,-1.47639349574346
-0.273108041430686,-0.699951687176236
0.607723454379994,0.482140061952761
0.296931602060502,-0.0148124570245932
-0.525631392148542,-0.213505955587406
-0.256673970834381,-1.13823555039207
2.06096764226698,2.12405436063206
1.40513377097124,0.598359733524881
-0.182890071883159,0.302439899030671
1.0658985880635,0.649462820920874
-2.15707772782741,-0.236885170001364
1.04000118391331,-0.400558968036695
1.21846355793957,1.29454160604437
-0.437030736414888,-1.10486032625236
-1.25735472888456,-0.200231973294419
-0.82303431655833,-0.365454690243586
-0.128938734923524,0.432452406966007
0.236976350077223,0.566169845181945
-0.0556301895069871,0.0786295500617419
-0.331744441712695,0.392492775707578
0.499540916048419,-0.0101979035906498
0.904323545199353,1.03193058572327
-0.235630357111312,0.111244968630892
-0.524263894308803,0.448884435306587
-0.977085337636144,-2.31899376340508
0.595296946444275,0.53961089178618
0.765629233974462,0.291676424282004
-0.684729244639892,-0.739446500386132
-0.513808780981872,-0.0159910320674582
-2.33981402989647,-0.330662257441339
-0.0734805646045174,-0.140044000931209
-0.398895124394024,-1.48864343872319
-0.228123602666404,0.178276904058869
0.977088816989528,0.922775312555172
0.398554181301667,-0.274788924633748
0.951207036497899,0.232175884306176
-1.32295526893465,-1.92462021675365
0.827443671031337,0.907796717941336
0.306981287860923,0.441730573942472
-0.483517571277468,-0.234649119981397
0.63125835888117,0.765140968520449
-1.86501133230757,-0.711041275687734
-0.00348373489227195,1.11887644061029
1.06538494052039,0.492448306335037
0.217839705861889,0.101260072389699
-0.208672369632026,-1.00532176176019
-0.216672676056082,-1.01038687580284
-1.3369720294971,-2.0171449708188
-0.34032164810309,-0.985638256081713
-1.32146227613881,-1.00027893907747
1.35985957227464,1.67072700852105
-0.277798906012872,1.12033084496357
1.98508968642729,2.25936929864733
0.425422479281641,0.345886950813406
0.778797124713168,1.09694167110834
-1.55489827527325,-1.20258780403527
1.10325519154205,1.47802800244901
0.580526070384472,0.334197138136892
0.142368387452975,0.378294060481889
2.00857165337844,2.07440057324713
0.151594760760282,-1.00259337505351
-0.0226297977926617,-1.19897211100286
-1.06835310909492,-2.01033340910584
2.02169560183196,1.45153240997449
-0.270412424914887,0.575705100344318
0.682543840613491,0.910166487080859
-0.0511055310943902,-0.857191431257379
-0.707253450984921,0.0490845969913753
-0.896217553718677,-1.40456097850069
-0.0240704336750052,1.05384226069332
-1.01539123029907,0.430501124590594
0.742886709180681,0.96208344298943
0.413266663895226,1.90127861559285
0.837215336239936,1.13830851553864
-0.746269135653338,-0.722837021123742
-1.22589397059332,-0.477095158505362
-0.0592554814818695,-0.598949647117228
-1.33154097898086,-0.187775230553165
1.27410948244827,0.840654723599145
-1.88497242119944,-0.454407694049129
-0.593728427248698,-0.218011499674921
1.32659007922517,0.643017935548203
-1.02466383816694,0.146410362191458
-0.0478212261813325,-0.199403731435773
-0.843627739013922,-2.08534884845982
-0.65321878691202,-0.719377684508796
0.0746444337749343,-0.646081995472488
-0.964193837459145,1.33358313975685
0.633348412911657,0.777973137189444
0.0181885579675659,-0.366958268523688
-0.508891483435918,-0.176617697812495
1.2900934028926,0.894741549895762
-1.97277598534982,-1.71562973246605
0.919463608615523,0.406604053795211
0.941436565923815,0.933205450109006
-0.962999007812776,-1.04763105381683
0.644523186705093,1.08144946899444
0.145887992838789,0.382868414848866
1.42026139440635,1.0121981928815
2.10562496541546,2.11208878959405
-1.87470312272229,-0.140360244698868
-1.97422106515318,-0.462675065443371
-0.391958789851567,-0.680944923284178
-0.219207644883169,0.564310167252832
1.5017000369803,1.67001206496417
1.70966914349793,1.71094399436429
-1.37925525094237,-1.08389883138545
0.43483575440571,0.482520236355616
1.37442095205429,0.345381886426467
-3.09248718008429,-1.80733936551854
0.272192607172702,0.766094407772724
-0.22284432003271,-0.920704398206888
1.14969656107952,1.64828723687721
-0.756743505312021,-0.857304652397073
0.880060109903538,0.764799731283179
-0.462921692395919,0.205892376818187
-0.127293744635444,-0.148528346305652
1.95158932003948,2.10187081948169
0.972621107331412,0.494474088568896
-0.754018564180735,-2.75273201537835
-0.45949200040237,-2.68897213004049
-0.734739797967908,-0.493371836171171
-0.961564805952553,-0.919491071972222
0.195297117291355,-0.040251218109379
-1.30623326575126,-1.76306424067128
0.0964469052794046,-1.41569587439548
-0.619691679984792,-1.85813513105632
1.29049027533452,0.845199643738358
0.476990102196928,0.576641814845039
0.74434445083775,0.593159356354971
-1.83307560228596,-0.247416723872453
-0.400132214035652,-0.840982220298703
-0.927637367845637,-2.21557485894008
0.754595639571023,1.08955133079338
0.308965014031123,0.133778663628343
1.55484881216671,1.15648879405304
-0.109144286950595,-0.632925764619034
0.254971243554026,0.737535565349526
0.447570176818347,1.12935617505039
0.0859809542473941,0.414308454030693
0.731881522292623,0.80141414773041
0.0618278161803633,0.206573284524242
-0.218307605618131,-0.140463006289109
0.119767125412344,-0.0611152718301414
-0.171349508228031,-1.16974854420695
-0.0496453205834564,-1.4907965067812
-0.697569278149027,-0.996604923352864
-0.293442748219883,0.372161423874118
1.3309414059006,1.46457063277444
1.00922965669438,0.387630713699656
0.28062147130417,-0.901864532014841
-0.712336834812401,-0.123510471217002
0.159904999731868,0.532912808466169
-0.791504008634294,0.372961277925286
-1.05253866189371,0.267887730046005
1.57495776547872,0.606872609121284
-0.899976243082006,-0.45784795548456
-0.826767205584534,-0.686870568253682
-0.393274125094507,-1.52434816670939
-0.518008838303156,0.77283113138624
-0.536058102065979,-0.849643954348315
1.04292344960136,0.410733655202586
-1.34020434582743,-0.449122392963009
0.874675382059517,-1.99661792935736
1.19389652121405,1.16893031496508
-0.827669901312587,0.855269168652929
-0.301906964500866,-0.589673428267143
-0.673760754069451,-0.609636437221385
-1.79132414662941,-1.56968772879948
0.470834743658356,0.892930502640976
0.0115947263327035,-0.913098055101169
0.0960447150606641,0.0863330314100125
-0.903456856908418,-0.767329300882228
0.40919642429517,-0.373392800152076
0.388594274810382,1.28253884847863
0.30083506511046,0.429856041793508
0.195574982992504,-0.0989590927816565
1.04685292315269,0.81481954133441
1.46184195182278,1.75245176987954
0.00654993511318577,-0.0254083805717223
-0.323479349365392,-0.021729171513316
0.886396247687093,-0.036216357191712
-1.44250519836579,0.596747605718226
-0.671612603822069,-0.503034907056595
0.0958409654949042,0.485049498743713
-1.25495545819173,-0.00585123236626724
0.16362931422914,0.642565059227034
-1.08235018978566,-1.41635053408625
1.07255144576248,0.380737084295874
0.372815170926798,-0.0313960566738617
1.07243255626778,1.03508568270974
0.154876605446488,-1.59189213159138
1.51577117430818,0.762393889900861
0.363094893118353,0.480651843015166
1.99414354870932,-2.95097640342003
1.34869561071606,1.01581172901717
0.166795424622117,1.19118154234292
-0.386672082674312,0.452595050465712
-0.00470193200625686,-0.0345744132795851
1.66927803932985,1.68136739276329
1.50189291854004,1.44291048805641
-0.0937751402615175,0.400504322220441
2.08155569478457,1.95430175931379
-1.11740720159852,0.582146821713385
1.47447086234753,1.29304145208392
-0.393056095833471,0.0346314674100626
-1.30812239255039,0.466634637730714
0.735644298965863,0.386483155733327
0.0925827588230353,0.704305605844582
-2.09155744140551,-0.384970323422607
-0.0394986084858244,-0.0969973358998979
-0.881164107383972,0.0477978770230019
0.71216119623431,-0.25545896804128
-1.448882314148,-0.528189577402317
-0.750572188013347,0.192251636259705
-0.127041271654725,0.127136454728449
0.469805510955516,0.936284030321692
1.0938959090837,0.752618326736069
0.357354263589726,0.622567158640468
0.401948538818419,0.719762091808799
1.54964872845524,1.44005719834955
1.37490748738476,1.67402951254982
0.119056468027885,0.413690760872208
1.57764570021292,1.38285475997989
-0.102452937991274,-0.908547820162571
0.750168720841202,0.605136724381548
0.253999887269756,-0.325339464276148
-1.06624471640232,-0.211188543628779
-0.204181038953986,1.38955679010605
-0.394480538992049,-2.20627822434598
0.749403948778637,1.1753546376417
-0.963841943700138,-1.54083895957304
-0.440278817901042,-0.0992807127905632
0.218113467808171,-0.23427669064527
-0.907897276735358,0.256315297921162
-1.068070108086,-1.12963073330507
0.824103819233603,1.31052199198795
-1.4079845213058,-0.117788124844683
0.67625371621879,1.26644782210312
-1.09396121523598,-2.26701185648786
0.461404941391091,0.407052713480328
-1.20578247975108,0.208324900555644
-2.11329463609779,-0.82125996038872
0.223857728740553,0.313651400247367
0.995660143560859,-0.269486287734948
3.4704335412915,3.10593003087816
-0.564137918639974,0.503127994753983
2.10695796288635,1.69467711104776
0.617053691548202,-0.129813505774055
2.04742989860571,2.27038859789462
-0.356411935815976,-2.0758431102189
0.622770238777209,0.859959858934952
-0.258157164964062,-0.803314687699657
0.531710222137257,-0.0105934125329489
1.09900137917348,-0.170669283768968
1.00822918219184,1.19579471371274
0.814126891958701,1.27242302090135
-0.598965717552306,-0.0911821531681431
-1.36434757495928,-2.10826579629752
-0.0136944241022481,-1.25126330902294
1.01251483113849,0.765188557288999
0.112578027336705,0.270655814102005
-0.0542802363652404,0.512919534762632
0.907153987932837,-0.201571057784787
-0.217288124611911,0.0840884686659991
-0.482212912230977,-2.04440728784918
1.90227618161342,1.27406856692288
1.32405182212666,0.310400730271215
0.722866444400162,-0.0161488496181905
0.0692811167525446,0.396090293790498
-0.722771169195181,-1.15759504457913
-1.51265255537077,-0.952344770571175
-1.02558020340707,-1.87658289570805
2.13818560294268,1.98412199071384
-0.270936724892788,-0.300466521693379
-0.372536409086779,-0.189384547721649
1.00298294223022,0.776282388017902
-0.163066459558432,-0.427747138792884
0.167989531052223,-0.0974152677490328
-1.76491591045386,0.637587279710277
-0.893894105240846,-0.436238155168265
0.653530693228004,0.376940595311528
2.66227561139892,2.30455164994187
0.835399446646607,-0.162737736688831
-0.715313463751429,0.990954707690655
0.546524090297799,-1.16453730219809
0.295170097548828,1.10867745111184
-0.931080030191162,-0.801125073842032
-1.12763041280495,-2.11885882519276
0.628755734475331,-1.33194698176401
0.200778460952678,0.252244292758409
-0.880721230014386,-0.504450771643648
0.714137884129702,0.456764579899862
1.57953435926036,1.1184948679573
0.398108869758941,0.593969868437952
0.362836752305799,-2.52575030379926
0.976272546616023,1.12110636708038
-1.13150468960066,-0.86849636036764
0.362705489179232,-0.699117194052894
1.00663522389706,1.03576648519873
-0.303672938463244,-0.0602099959054441
-0.576054420996426,0.478351419212297
0.877593513937224,1.14671746735227
0.596770173560803,0.383660042621965
2.53828265609198,2.58041107867682
0.592196183081176,0.43524351860716
0.0941845636851096,-0.620367435583507
0.0367592289335439,-0.67315979013102
0.00828460720376419,0.127570736293512
0.304477630652992,-0.7492548767096
-0.95822901734937,-1.14364602151818
0.59366740508434,0.85207278262746
1.9539214417936,-0.243882586912603
0.630160667170714,0.464008791187851
-2.04137957250058,0.478758173993044
-0.390939971135299,-1.31968655810859
0.000662693332581348,-0.950642163440813
1.08786135381097,0.903723102109491
0.472783119827782,0.406406619775783
0.998253337208259,-0.0984473034958152
-0.487911271158177,-1.22452241541435
1.36653558178889,1.29165971464254
-0.135700847389824,0.420327157557403
1.59570557655244,1.01046477882122
1.25679945188864,1.20988449042636
0.381140522652977,1.51914245107801
0.548245085535403,0.820156137126728
0.00566748439558227,-0.624291516908795
-0.903400558575693,-1.13612485109704
0.996003643056244,0.890630154708482
-0.689302269333034,-0.270891074300225
0.56279561311827,0.626027907942947
0.226877295129789,-0.195576729509167
0.505390440520112,-0.012798348403461
0.568675683080042,0.454326800765292
0.624554958561527,-0.589468654786686
0.540440539783377,0.505402494029182
-0.953527617020025,-0.316336882981004
0.994057672641777,1.94952246996288
-1.50601485522572,-1.22686464517725
-0.731221638223596,-0.799957115133782
-2.18859364511766,-0.570235686151496
0.329011215310591,0.88375227589657
1.19385097118395,-0.815561950507703
1.62902559913707,1.04881853322543
-0.891863807349512,-1.80106730644396
0.179765759652626,0.581657816776397
0.688402690033551,0.284185255052556
0.045273581404094,0.695177047200478
0.678843481296157,0.974991267294932
-0.0253823373847329,0.495516508100266
1.44327668622447,1.41945686303788
0.284228498986894,0.786532393163491
0.427198747264372,-1.05501508644468
0.562171971720122,0.863490842118332
-1.01061026153315,-1.82294987624338
0.18905840395797,0.867440981340619
-1.32445582447357,-0.678654733438675
-1.12482146489148,-0.780331767607181
-0.157266228700373,-0.230955388213329
0.998071532012383,0.715954690599972
-0.330465008108386,-1.59337333528172
0.00838995228311139,-0.714119183569871
0.90053309756462,-0.696867512233796
0.265327395007632,0.370053201572731
0.21823333760116,0.520781669500574
1.52717845432863,1.33990215270497
-0.651319821599673,0.778573504878873
-0.156531996521836,-0.108070509226019
2.76497016146159,2.6204061337075
0.91393522629532,0.798700816084549
-1.76397406514271,-0.667565554474383
0.438657719860437,0.430102659214477
-0.754314324917538,-0.28239954586779
-0.781243403860802,-0.660733335974038
-0.328856293527113,-0.176457247317976
-0.542999188744242,-0.305377974723606
1.44996977779158,2.00144863126451
0.248241931961129,-0.674697437854344
0.507397973216779,0.887122506803472
-1.82174264428105,-0.43576904343125
-0.12933771061993,0.100863367016604
0.826279328984956,0.694546041896352
-0.281113539809068,-0.600620840983562
0.0197665951650028,-0.399552455565316
-0.0320335051621462,-0.31859449835093
-0.809422398052997,-0.675647335410583
0.391512098603372,1.08292623730244
2.09778128887938,2.15608191697401
0.408849111605238,0.309740245297022
0.67884029549124,0.150772261467909
-1.57112290626569,0.00164298902174135
0.578115147255949,1.30972416988593
1.74669326220733,-0.0239034109633739
0.625496798871534,0.219419597770833
0.129497211445386,-0.590352305225656
-0.779715442516393,-1.03683575316382
-1.51370438825407,-1.44280467786401
-0.120781243427305,0.313433279828756
-0.500247800590941,0.0539544843257514
-0.0126495282649968,-0.143931791903051
0.0486459595398491,-0.0188061260178527
0.162578044604186,0.144231844142568
-0.135885529743232,0.517797736437075
0.983368721198969,0.899728701322859
0.296452228621459,0.575839028364379
-0.606394609648495,1.22011026844611
0.571664903435385,0.951039092022109
-0.758016947760118,-0.447483449428187
-0.655898240960738,-1.7619219121043
0.203711020775765,0.311349232428919
-0.0477904701886512,-0.0334486556466367
1.12084921411702,1.18997555678093
-0.166988789318381,-0.188235089263825
1.1747406330851,-0.254011824920128
0.278955914550699,-0.73620930003864
-1.63883216134222,-0.803781983400438
0.000517868946303578,-1.1249749874557
0.249111265372439,0.0159360254564201
1.49683909776876,1.13834572708852
-0.768555624265355,-0.239485684222839
-0.538543044107118,0.419734250716186
-0.502615733469071,-0.20418821035601
-0.798728381259828,-0.363175707781132
0.0259913033877107,0.0835727597690503
1.02628638194685,1.08298532882012
-1.00187701624102,0.154892057333857
-0.649543960988163,-1.43077829809401
-0.246646261407194,-0.773656712032557
-0.866861965142424,-0.626046647696827
0.014145714312121,-0.451696823948623
1.1859266965899,1.02645577856992
1.23127754184623,1.52844211342903
-0.56733828105713,0.289992282705273
0.505449023781784,0.101770496340025
0.709965783166844,-0.357257375542545
-1.05637145717291,-0.921818887055396
0.27513342926223,0.989092338223093
1.41408645176555,-0.274535694873268
1.45177067938938,0.86253742102005
1.71499872143662,1.69561818025012
-0.959296948298454,-0.077739016182083
-1.29945872096046,-1.14618697521715
1.07147512978281,1.43139737898235
0.652451373025234,1.08095839254082
-0.573382212067681,-0.814628673266018
-1.53821438844571,-1.29838391026621
0.999887405408518,1.17556957976109
0.0511974570367624,-0.650739563463135
0.839179381948271,0.297277449491005
1.10210573568612,1.02373705685728
-0.858493075470235,-0.223784213373592
-0.405651421821351,-2.16579036755034
-0.600623604200205,-0.0725137673248126
-1.8503150537905,-0.252385058994192
0.172215620840531,-0.0778535944327714
0.155362553826937,0.620456488811722
-0.0294164152864989,0.745837530533565
0.635428526988745,0.519261917149209
0.39611178759499,-0.612488667626429
-1.15477121684936,-1.11223443403196
-0.319747132069114,0.121083497296796
1.03322869915697,0.9656774384832
-0.114718813464235,-0.202746969643755
-1.05372469840626,0.349208458359145
-0.00139639304400907,-1.18056371688229
1.60770162610923,1.17669904365305
-0.209494905847333,-0.228374205067281
1.68378241803269,1.67696937570438
0.471295775094921,0.621904285300467
-0.706617847082783,0.0321622683150233
-0.348048318665992,-0.267893763218255
1.30220926090182,1.74437563001684
0.918350670988136,1.28643574677702
-0.906137134415763,-0.192288018607632
0.691164423479121,0.835226919042825
-0.760569173716236,-0.476100286171622
0.102832029495527,-0.166403609096653
-2.17578019810404,-1.94807120170392
-0.0841542277049307,-0.134450310891663
-1.53604492618462,-1.04401300718764
0.673453859955108,-0.448517543185918
-0.159526136132614,-0.478080987665003
0.611698593849637,0.130477140895959
-0.286280352468266,-0.895375367304519
1.30538888123963,-0.523014474344721
0.324778309766754,0.0823400995901399
-1.07329312288309,-0.0427277375919795
0.976040976816578,0.999427406922219
0.634197098003382,0.310453183126495
-1.05842281448591,0.225262685700935
0.182911625748774,-0.528370079419973
0.155762300611659,-1.00746329642159
0.336181440688907,-0.363361804683399
0.820931309621324,0.996951824034284
0.65362263287641,1.51969457826564
0.751850646718094,0.84862400522322
-0.273162442645313,-0.852071551354783
1.34494830091609,0.679226123830557
0.163704089819519,0.0804987167671666
1.46755553282839,1.39818721271068
0.332054670584322,-0.318507680280687
-0.804932339225012,-0.593273350470726
-1.0214592065834,-0.0212767147136089
-0.27538926920073,1.053361324666
0.282401706964321,-1.39628333715534
-0.619706201292382,-0.296596645648153
-0.845937881589648,-0.77188143778585
0.280208849881392,-0.275985696637052
1.05275088588036,1.05535633904768
1.53138226782999,1.42019866483525
-0.132992665037003,-0.761902061687952
0.930516341580378,1.48726687173867
0.373530555815753,0.626599052252169
-0.665598074000413,-0.57048489137676
-0.722550813394235,-0.390202679629946
-1.08589753979728,0.871499811773267
0.7577875506655,0.863340401661055
-1.16120669540273,-0.395029116219375
0.667283230969013,0.425986337808341
0.140188515298744,0.59992976010057
1.11827857145081,0.00940135573822535
-0.933683175275618,-1.53887499499424
1.04101517323782,1.29063846295424
-0.227660564016639,-0.0133984808712655
0.593827052398005,0.338086425600908
-0.979136598847581,-1.64379862313153
-0.769480011991129,-1.8497550993703
0.683025873028088,0.412499528715937
-0.763798508911588,-0.302556172381943
1.58838475929701,2.01258259877853
0.622137440219328,-0.769931260460834
0.149797153612138,1.11963473257517
0.428395577910659,0.438564236512304
0.620898264660422,0.351818259242035
-2.58757453441677,-1.35178079076936
2.09118305362662,1.9878029391246
-1.59739700601098,-1.54314666848768
0.492932625202687,0.239832183055166
0.476843853989277,0.161918877340741
0.633090496312218,0.754268032271499
0.547842654171418,-0.903867639387804
-0.429241718545218,-0.497445154720175
0.245678668507739,0.107274593725691
-0.491592196973148,-0.197126703262046
-2.09687811424326,1.28984820748583
-0.192490254346844,-2.10234742076949
0.221596642827727,-0.45933657467277
1.27912610852715,1.85793819237309
0.957843430842734,0.958226594518616
-1.13582145309205,-1.52067689463648
0.0591108106375565,0.215240290268417
-0.17312422122766,0.547062086117241
-0.240403738711499,-0.0795944403375527
-1.39281404265945,-0.077780365078949
-0.664122468056262,-0.128883272198013
-1.26432220299475,0.10930490052072
-0.263379139719824,-0.0612718034650402
0.466262797630224,-0.668857166173527
-0.0960561877277577,-0.654045954456126
0.663633251004706,0.68395297443799
0.573005945243526,0.54510110389633
1.30151817136259,0.89329605257564
1.60868910784994,1.770343236042
0.68404911397526,0.466999898437075
0.553021543129381,0.569563941197089
2.09036187838448,2.05458815084979
