0.503287953822838,2.18072406427695
0.821712206256873,-0.0990850923983901
0.0176621597682472,-0.57577427971962
0.499822518384637,-0.302217275715089
-0.259557383575836,-0.519550574678168
-1.98930273455081,-0.614111127361078
1.23917588744599,0.750321893038098
0.822686371313535,0.66860704465428
0.205693366549712,-0.388560219589633
0.246647189759522,-0.0319270046192697
2.10448778000161,1.82306166464187
1.29330549057271,-0.0177004073417825
1.43166468096732,1.45541989056554
-0.0722624294153125,-0.2494811339469
-1.84500212985318,-1.33038960555381
-0.435708770898633,-0.534341132950563
-0.678763878287194,-0.690555096635423
-1.43513451377241,-0.63363286200676
-0.0290559630367504,-0.726824029152339
-0.876358150684207,-0.701106844974488
-0.051013183974771,1.14302090924972
0.111134607819911,0.646786844659097
0.838958132475381,0.546953416449861
0.0111633315352719,-1.72658896504845
-0.55559788331394,-0.612192731029882
-0.849385135539671,-1.53813038334984
-0.543779682107292,-0.33208994669038
-0.465184095793786,0.588726741770536
-1.6363423633721,-1.02965423965142
0.608868788851387,0.447146968484953
-0.521321256437733,-0.388613677364443
1.09654116732697,0.570205663947853
-0.241511341810972,-0.14333395236112
0.186610547435686,0.402592555687218
-0.831861678239087,0.064189141050835
-0.399009791095756,-0.0140539468231337
-0.019903842215464,0.905314632889473
0.345532134947099,0.623098071912136
-0.119602606340817,-1.77062132826842
-0.488937452641167,-0.789369179542757
-0.115706567803654,-0.52425810478285
-1.71999121825127,-0.584137107113958
-0.988053044835906,-0.517932192890558
1.90981534718029,1.53346497378957
0.473000923683965,0.0187152339781726
-0.249289739160979,1.08947522503702
0.527154354535304,-1.52394363220043
-1.18629284611505,-0.17428186765588
0.17694566142098,0.384234354976909
-1.81203501253306,-1.05677465566296
0.962706815321966,0.818033507367839
1.39528168157423,1.29182605930804
-2.52217745361385,-1.27138561734099
1.18812864687953,1.6095834622967
-0.595462192089826,0.887696897056198
-0.680881660521248,-0.10603159500313
-1.20610819742898,0.322330252094798
1.64496496101292,1.13463987243636
1.17486576825328,1.26052531658765
-0.911040437208535,-0.648940962579497
0.103134006169701,0.211113093988217
-0.919068222662527,-0.0533868164162996
1.98316838029153,-0.120372515535747
0.365708141956984,-0.399912897028726
0.238835333914161,0.115340563203918
-0.538316952019121,0.208054672019418
-1.8561228579159,-0.608618079451468
-0.756552467761937,-1.70393068893422
0.303154317881957,0.903229180408438
0.396976388010265,0.454641101753555
1.956413662059,1.90565445872832
0.51353825520306,0.175243495995424
-0.632162821872252,-0.488180155332769
-1.56486983552474,-1.06468889312476
-0.813398935255035,-0.837756525759372
-1.35116799274328,-0.289495569613849
-0.384764716772086,0.744933058355852
0.528797372635425,-0.0577176276741908
1.05505462485197,0.855771805583415
0.589336584454448,1.11443050727673
-0.277040427956924,-2.67150252886841
-0.994061780225609,-1.87998543718209
-0.158118426684099,-0.545177910362553
0.464077319625178,0.395562187843856
0.0298270732763378,0.20406488387229
0.398956573792238,0.26571436811412
-0.391611677651225,-0.432755507252272
1.00324387317047,0.606270852981729
-0.734914065683757,-2.04434350098345
0.196892703705089,-0.244821533819823
0.85318436947436,0.564069512048628
-1.30163984761552,-0.525443762941717
-0.588002140200117,0.32238523537816
0.597853393792448,0.708296485818219
1.36254680404561,1.53017378614828
-3.04837679754303,-0.956164988945794
0.506300061418298,-0.166096256193874
1.13845062638839,1.17995070808104
0.186870603322093,-1.44167602195817
0.0841487472747533,0.894263436828672
-0.575649369466666,-0.110409172475844
-0.211593494149146,-1.27240712331923
-0.122594089885871,0.999643529024747
0.903793927057942,0.808176868817326
0.42962437979741,0.0424627726053965
1.3974025943612,1.35563682167895
1.45385232325496,1.29157971774054
1.64166089173507,1.48206408759652
0.604737912743085,0.758935418943012
1.97370080374114,2.25436622346624
-0.360474351916843,0.356279282253912
0.759514054586441,0.959625753012032
0.801847807021314,1.65056496867033
0.381103620769344,1.2786879100419
-1.6770721916223,-1.23080201548559
-0.341098031185418,0.711258460930121
-1.59619651257265,0.556957944509191
1.3304226193479,1.94188015210101
-1.12363092238401,-1.54832197941602
-0.341019729171943,-0.803492142783984
0.234626570043004,-0.580470853304399
-1.31846065410599,0.361028358421787
-0.0165438745058914,0.172080582508233
-0.454229379798062,0.125048387542055
1.27793641763607,-0.417291703644642
0.13987348201353,0.532490307034117
1.40647005411237,0.536742662035908
-3.10813852669351,-0.767038277980835
0.101964726896872,-0.894849375894334
-0.772212892266179,-0.237860621592923
0.382564669554976,0.108679032034258
0.170365077306491,-0.062628909360037
2.12003260942228,1.7659606492214
0.440933893470758,-0.516048715357851
0.66108436189077,0.127787058250544
0.769695532734532,0.750842396060489
-0.5728792128677,-0.947379368840802
2.32011389182257,2.58065600740165
0.55923867935755,0.69265711614014
-0.205195497679274,-0.842922549422624
-1.30554908586032,-0.572917908480102
-2.48225871688752,-2.39051368793162
1.65534290315028,1.95929856276405
0.471271348847522,-0.577093408437486
-0.681798725857224,-1.16243529488347
0.0476946621030939,-0.54545528388953
-0.886726862734195,0.733965544637387
0.217467537746288,-0.00546443713407738
0.931282020451882,0.968160609844799
-0.365380511215018,-0.0779210010365932
1.27679268027227,-1.35401351298951
0.920938795404452,0.517442378923592
-0.263138107689144,-0.979994701495644
-1.12963003906874,-0.453613871398685
-2.71326403008802,-0.354462586464848
-1.08904126466865,-1.98724145040405
-0.978753182812182,-0.397025305085905
-0.531779379420745,-0.439541405512517
1.52178288361417,1.15101448732264
0.662952079870363,1.17161466167897
0.828688127762542,0.665055179278351
0.456390828227235,1.17817661788267
-0.975652844630444,-0.747005011560291
1.23227950800128,1.04015710989723
-1.22142901758191,0.814356883783905
-0.573083743186725,-0.763853743257897
0.393212923808986,-1.31910272105308
-0.581816986246434,-0.428590298303501
1.11729251451882,1.13478838341251
-0.630355535011394,-2.03198167513214
-0.573179950600298,-1.16269303177221
-0.295065599944493,0.124340624541454
0.401566464207757,-0.295288873664528
0.0271233160214353,-0.426182327405478
-0.36465146402552,-0.239235953343728
-0.282521050307269,1.47572080423266
0.610169133181079,-0.159851352616808
0.945216702319871,2.53989010696475
0.378948820922851,0.20411323540843
0.176779623817833,0.511313961953985
-0.673949095079953,-0.499361449592649
-2.06719496728257,-1.63479302041027
0.950532609630325,1.14729799174164
0.572453883552053,-0.078749509314832
1.77953047031842,2.12729781714872
0.603316906859448,-0.274724876673849
0.0610733160403523,0.44226090308414
-0.786753461320995,0.353324845407872
-0.555922309287907,0.57908353294438
1.58225872135112,0.638985316535886
0.421239468920418,0.243890137399481
0.619949495176273,0.0120887462505412
-0.531196825196587,-0.158867592952857
1.00040944961698,1.06033582378965
-1.04259229198312,0.112675323838643
-1.09029993377397,-0.775730422504965
-1.4479435249756,-1.70427879809491
0.722798639180009,0.297181657858115
0.137563684378661,0.437115821277948
0.348440793046836,-0.0570857717518823
-0.0245191616395326,-0.494784302467324
0.112014008554909,0.983804507868835
1.16453625269655,0.610755695740329
-0.268478915237757,-1.10045398683885
0.307960647017942,-0.129444621646642
0.929015125996906,1.44542265599062
1.0311745117677,0.946884976863507
1.83483457580836,1.91019650454135
-1.07345803294989,0.171453112189731
-1.03880025116985,-0.71223056948702
-0.579877229855612,-0.999301514100912
0.644994809334479,1.51698517786347
0.796732830541273,0.65463298083158
-2.11099168401952,-0.897911860430526
0.85438305041032,0.590137225607897
-0.567933294511249,-0.193152734375839
0.983607329718216,0.797026527565657
-0.0558154678358205,-0.0061089432671992
-1.12813562658945,-0.75606003588328
0.252623918035722,0.345890363299998
0.437812294078465,0.329936435016545
-1.07034137220831,-0.710958164297637
-0.671470184095007,0.183459372836459
0.367594625855917,-0.71822863466192
0.855782961917331,0.34123630872177
0.472126163619918,1.20771667500218
0.884560378927909,0.110556887158075
-2.134623510688,-0.493433783271096
1.18605157207684,1.23765088090684
-0.0375787878410595,-1.79830843684356
-0.16699426130935,-1.2883270502951
-0.593718303395559,-1.55666104089587
-0.459839996244931,-0.562563480534178
0.480433669349677,-0.812061989563272
1.0703480113576,1.36909503813909
-1.82101390712766,-1.12431663742997
0.0446348817014669,0.214209412243486
0.1067032147649,0.220857933941228
1.58983147501212,-0.369869704326043
0.566250647765049,0.221601157674972
-0.0848097733146682,-0.0638024128808928
-0.154118536281485,-0.973233657681343
-0.114871311611012,0.102065351483395
-0.177334928976403,0.313374337246095
1.75609435713921,1.78892458937436
0.000440872964903494,-0.857369650303194
-0.783860048839905,-0.224628895496188
-0.557222678239832,-0.768509562553256
0.893927004026105,0.543596144308757
0.462037796997972,-0.144817904338464
-1.72680842238856,-1.04134722553763
0.357819142509464,-0.037392457539941
0.330731327533998,0.727193338141404
-0.993868719619088,-1.08436410600701
-0.151219229918495,-0.251449581326861
0.436872630204241,0.997049074613057
1.5364282332263,1.05335447389736
1.98400703127836,2.79305027144494
0.267106996766169,0.313309211500796
0.00289461624899582,0.262148451190906
0.176842579162712,0.235055742918867
0.0900509706567458,0.19709244539873
-0.754393091451141,-0.233886622120568
0.160340297266881,-0.365710169519813
-0.0694222583242453,0.96310091254805
0.389315125788599,0.244944532764999
-1.23090007383909,-1.36179837621029
1.02823214648608,1.51782149172747
-3.68400730531872,-0.397353242238725
0.579023923371165,0.668466027513957
-0.140466890764926,-2.27454223398207
1.30369806080367,1.59212096911647
1.63776164593677,1.43952037628598
-0.745030110635674,-0.268524866698657
-0.456895071346606,-1.08251061958702
-0.449113473578154,-0.385177303269957
-2.45652867828236,-1.14919829790379
-1.67956056691109,-1.33845433850354
0.194941157457584,-0.653153331358779
-1.00842426842333,-1.98952262742213
-0.644651512220093,-0.474595302806897
-0.373496108012409,-0.37539532150496
-0.539484269089801,-0.636607608360069
0.616916307560934,0.905547799263676
-0.490230227072295,0.199822615548465
-1.22706201184737,-2.3285104731631
-1.72644598347002,-0.245878154610667
1.38367259889133,0.678548035878697
0.301592061859824,-0.283290730763381
0.961319492273793,0.752707998520534
0.527723674857264,0.467683673617077
-0.8299273837993,0.116301977683874
-0.844760647220058,-0.722734908165165
-0.627884937919902,0.30463348251262
-0.99375206323969,0.540902755791953
1.64847097933046,1.46023259357482
-0.706669775682187,0.370383082510184
-2.83873668594799,-1.85991561317025
1.4013004133886,1.27056444246593
0.672341898134243,0.752919015004033
1.71802963522351,0.609862095297046
0.433564292391361,-0.0889080566789675
-0.0232235949219902,-0.51198264317587
0.354866501902624,0.272337067428541
-0.86972882151188,0.141327879934689
0.538803027394027,0.558228062258482
-0.624815991100494,-0.362426380550395
-1.27015569692882,-0.301684062353945
-0.305115162797985,-2.31788023126818
-0.84353810967691,-0.580565856447539
-0.362098034877581,-0.671325579663508
0.138878671716154,0.316241845925444
-0.98233563980182,-1.15636891703226
0.156647944963007,-0.444800235961407
-1.50726674038909,-0.594098342393049
1.6902806813357,2.39163361676629
-2.18570171352765,-0.108031344731771
0.747781890979762,-0.240643889299117
1.1736193920707,0.600331222320571
-0.957004192902077,-1.18542636386366
-0.10212444218437,-0.473824629947621
0.707139872047367,0.341971564646897
1.94844242333472,1.69574591937552
-1.77734594747906,-1.30157434881267
-0.197426906728343,0.116327435777064
-0.619771272534044,-0.424533157026115
0.496910951162181,0.0771770523968712
-0.636207161918827,-1.71160014861673
-0.563065166107823,0.512609103214635
0.115393453992675,-0.0464837805777743
1.00874666826106,-0.208340549669476
0.920276990739567,0.745471536317062
0.345732367715285,-0.1629781221254
1.32384890799551,0.925948247485894
-1.45875415312435,-1.14772816396891
0.954056477446882,0.664816125302537
0.542111989469893,-1.16654779225053
0.917300967446567,0.961090361825001
1.19516369866382,-0.364952923999528
1.49053775557879,1.02649039227318
0.11798573978902,0.627236294362315
0.24429420540709,-1.18956038946631
0.513878724846552,0.481162355540234
-0.0831383255791993,0.470658554914033
0.0354480236547419,0.5559648918206
2.09346367705758,2.18211000560117
0.293142177445101,0.345327848585972
-0.320093153599751,-0.127076453929506
-1.23444682869694,-0.0383501166148158
1.4228601042109,1.25354101159714
-1.69812049762203,1.21355168321292
0.184750438097693,-0.182753971159565
1.49977663312501,1.62782973625743
-0.240097106492762,-0.257229030826366
-0.044095543770073,-0.382163523165768
-0.0309604400966661,-1.06327861135674
1.9846175336001,1.18693483099149
-1.43912856533186,0.0277322495151995
-1.56577203377834,-0.746360234679078
-0.251587771260916,0.65715211567638
0.142368114744533,0.135386086635446
-0.062534015364475,-0.32592461900341
0.0758652247939287,-0.244789997117791
-0.139319043210597,-0.536433793999924
0.0100544665419604,-0.238966069430298
-0.260948308010502,-0.59753373063168
-0.757405295372164,0.162058349710562
1.09516793846872,0.160259280577282
-0.271153856915508,0.412307588955414
-0.0822885022719712,-0.0292624061136163
-0.898291919849721,-0.33324751072381
0.135592380625789,0.862196171825523
1.41684344256546,0.881046688544063
-0.0851279362025829,0.900351854557442
-0.455544738520849,-0.237822683283895
0.167519081734354,-1.80073980141371
0.417179400230454,0.0715929613921989
0.155786216405829,-0.237228884521482
-0.697841616886981,0.228436957173941
-1.14066589387181,-1.98214427434873
0.521874976518469,0.251521160686828
2.56381303075079,2.48719330375945
-0.0832644237048641,-0.0690526630839271
-1.50115288263607,-0.153324418124296
-1.61250374142103,-1.17988426178823
0.374882296204619,0.837984602177038
0.377628810780187,0.732964350807035
0.546354524934159,0.304878786986533
0.291029396125192,0.860320245107756
-0.370848641137703,-1.56854165427663
-2.17633264631386,0.425782591334593
-0.375298235994505,-0.908139720027792
0.562779303605914,0.447549562631059
-1.09088043294853,0.967479674805674
-2.11944558173896,-0.139620330246319
-1.27621335339189,0.0242381644544261
-0.599782991626945,-0.757064208955379
0.218983163913815,0.960378685127776
-0.381266406849886,0.0917960752749406
-1.53724122014513,-0.411306661535333
0.032976613167071,0.698259783840484
-0.179039995894791,-0.245343982074242
-0.864516944586615,0.0657622086574201
-0.867469738699937,-0.0898705281219857
0.13477686578956,0.511186719986246
0.900145168010054,-0.0476911438045554
0.960252048919348,0.639965392241974
-0.158977856902195,-0.134830365775691
-3.0801512867052,-2.42910475917537
-0.644231156346986,0.208490309678415
0.937985684523817,0.261009746508158
0.655159495726502,0.517759115183737
0.362702353366588,0.248174237592194
0.000132075556156782,0.881764858046973
0.658451815782248,0.983091756897813
0.569268867461197,0.495999125139852
0.876501848599378,0.797630707300256
0.164649141318925,1.28410306402553
-1.85883268410996,0.509223952582754
1.72077389368667,1.33590988495764
0.516847114673691,-1.79676268713393
0.375057709700941,0.437433663297348
-0.156989046657237,-0.167758843753163
-0.484785775643164,0.072374937235605
-0.836641334584815,-0.54230544936728
-0.626181520058372,-1.32123687945827
0.417507941678309,0.501306055640191
0.709367311738822,-0.0696305800444083
-0.548544401320311,-1.95634618509582
-1.0688444915091,-0.469717791385974
-0.763679612786708,0.050353551882344
2.05954814968594,2.14590140557209
1.41712069981296,-0.525060214276289
0.998291375024755,1.00737822803908
-0.07647458674877,-0.198545062436188
0.822450521840166,0.740247294219157
-0.617519010840728,-1.10076541030077
0.868278427111061,0.0965290555163312
-0.628153609769747,-1.7202036269496
-1.98814047557812,-2.32588671250941
-0.629342938028529,-0.651210097955135
-0.144405748452243,-0.0530937974611669
-0.129060707879746,-0.0555655373394037
1.53815567571561,1.8517659628132
-0.823780325256692,-1.61200809549193
-1.25212732592657,-0.378292548011836
0.486596728682633,0.266266606362462
1.43346456328771,1.04132986497598
0.125444646911439,-0.259808339058256
-0.308103610925558,-0.416879875438348
-0.257267021860757,-0.598967030741024
-1.80254296297545,-0.481021908667985
0.363928524274349,0.635542122574002
0.537023514766562,1.00336531403573
-0.636533229661184,0.484267384336703
0.253009285876816,-1.10962114671317
0.767996846681138,0.834848248555667
0.535405092891528,0.504739981913172
-0.953850296079529,-1.54399628130071
-0.233064465914938,-0.668345328537796
0.813229630611519,0.856846882769391
-0.946664347386445,-1.86143041170873
1.02895208712777,1.21549351281038
0.208459163260004,0.241632537917559
1.46168279156579,1.58870484574403
-1.20961628871114,-0.59199731006161
0.580946711057751,-0.154173614065161
-0.308894199324136,-1.03285737812925
-0.936088988601431,-1.52514638186084
-0.108316856197635,-0.654128698883364
0.470951095315228,-0.725754163941906
-1.4194462249539,-1.24426931547228
-0.769101131897142,-1.77880861008276
-1.19850601706522,-1.44161054541007
-1.14461920842858,0.229511962189263
-0.841823935480848,-1.57900342260529
1.63168201143346,1.53456528724881
0.998204551849999,0.972027007167255
0.572959003973584,0.535870023006832
-0.413082694384856,-0.221734045585901
1.89328091818438,1.73686945061496
0.230367216745431,-1.063364283999
0.535035917113482,0.634756848549276
0.789017808973663,0.928374405375112
0.814806955666527,0.500229299957378
2.08634158316295,2.00279864939644
1.35561248352993,1.08866587016277
1.00637898716737,0.846140466669691
-1.0898342569649,-0.186308177537915
-0.431546655084266,-0.86659723828254
-1.13567187309624,-0.879192232188239
-0.813301291219468,-0.720001353682586
-2.13079712876442,-1.55103443032265
-1.32436537821134,-0.391356337782542
-0.21369866594248,0.309942383530748
0.744205811969916,0.236056415574062
0.370850140038337,0.629773156712514
-0.992786191540955,-1.33642313785245
-0.367558544979614,0.71149058507487
0.0938659922533538,-0.0138962157356269
0.0231101732100919,0.115282430408129
-0.197762233975802,-0.463113517208132
-0.60486396171807,-0.710416018157691
1.02070711736873,0.949338139592061
-0.817827099408525,-1.1585628000103
-0.598047553055274,-0.94554026797923
1.05989443691355,0.866759308100677
0.108268026382491,0.240896836907232
-1.49009531180099,-0.782101126343601
-0.276563905052662,-0.70743314960782
-2.86617529022264,-0.158876730529606
0.425182044899996,-0.178326086213754
-0.437530064871799,0.417485631714082
0.911123176287972,0.898729820521296
-0.000142192114001274,-1.15678442635607
0.226971291311022,-1.71903958658591
0.0127956947292938,-0.815469173353536
0.914689360009529,0.215523165915931
0.253056910405565,-0.13058959555923
1.04531558669376,-0.0712569698612844
0.994028521658425,1.57216829036848
-0.139991878060089,-1.14099600786618
-0.0711341503235868,0.370325609416076
0.235734452039639,0.962315756709697
1.25155951017296,1.45807680139093
-2.76043446256262,0.776297262409915
-1.18265453040822,0.0279328434642782
0.279049805884935,0.754357632116195
-0.25464537539545,-1.32136885518482
-0.598357486028234,0.456649689049234
-1.41546883155544,0.977666422588818
-0.636526298149938,-1.19047001341024
-0.675056615874704,-2.15508242635213
1.30338235891078,0.765529862798742
0.93177757623568,1.12675273799157
-0.156545526849329,-0.772285283652469
1.92193997738,2.01954145135177
-0.117622924230989,-1.04257562913333
-0.596919444789751,0.61005670472553
0.6429201018228,0.845630686901324
2.40379315139897,1.81341326022807
0.272435030800766,-1.68658389641419
-2.10422606942828,-0.0844013836365698
-1.29724392142777,-0.358640348922015
0.704032714320528,-0.665878258900036
1.10467813747143,0.823404166303527
0.182138594185402,-0.687663541656838
2.0308457499333,2.16759003680093
-0.208085107517276,-0.0145860535821892
0.739430138740409,0.765848439074958
0.673301397012711,0.607892993104868
-1.73543130561636,-1.50628840024669
0.34930644745307,-1.47716692164129
-0.122472283993948,-0.400666121756269
2.19333648642962,2.28215071189124
-1.51563077411109,-0.808890527437109
-0.235599988775349,-0.720971116245559
0.20475822715759,0.212791231737902
1.92529156818024,1.17067245434209
1.88598248008265,1.95321284236803
1.27038283403706,0.580703641995644
-0.0629999737296938,0.765324931739013
1.3679129337907,0.441912162617814
-0.0110364412513607,1.76302050108865
-1.26281384341495,0.650756330568774
-0.784681750172256,0.440877433121444
-0.456590298890617,0.415814131975572
1.41070955876606,1.51212606356413
0.801709533360471,0.503589010532928
0.962529785399326,-0.559727586430051
-1.87667048375317,-0.685791453226227
-1.1932350373772,-1.55429070290821
-1.89635047707357,0.0149065041265434
-1.71932877087449,-1.60320749264219
0.205232795942031,0.0713384064453394
0.833105200472343,1.09694258558033
0.144102567540428,-0.461345599780037
-1.1668231155393,-2.76897021072982
-0.238534669512587,0.463274290279387
0.0184435463803658,-2.18672667279428
2.88899620346375,3.01342651758753
-0.0134052603269941,-1.09463367784658
1.0950198128284,1.5086657737914
1.26884425977275,0.135285051975624
-0.120178583165131,0.298602165026596
-0.0415546984179062,0.478891442474491
0.851851770869164,-0.468587026246711
1.17908373674431,-1.11173171209657
0.933861037343828,1.18620085092367
0.842552599811428,0.707336006217026
-1.33148426709961,-0.192934358423313
-1.11744424151939,-0.285058429462257
-0.365834014663858,0.245131499617592
0.844242357905326,0.672341293398675
0.819214791781701,0.652471864670394
-0.629157894396733,-1.42801438060267
0.681630270818071,0.441826338015513
0.275375788278367,-0.045894243831558
3.1539603142836,3.22624710765557
0.869907362167719,-1.16247401994085
1.05860412774368,0.135065432608489
0.655232742048731,0.817050887602312
0.638900105700951,0.396253139773352
0.126860968403835,-0.296361844729853
-0.606133353757629,0.330330765105161
-0.0454321954404523,-0.559227134476278
-1.27964422885301,-0.877783887932002
0.616270325081266,1.46455479881541
-1.18432637503635,-0.501086897100804
0.492143714506806,0.925080416939542
-2.14076999553199,-0.635603626118037
0.865812727881259,0.608144659756703
-0.659842324746733,0.56258670350411
0.417731236395013,1.49411461349103
-0.129050216991503,-2.23578476191764
0.944763604505312,1.06408611608705
1.34426834593562,1.42359888818438
-1.55588700113566,-3.01948993503611
-0.171973185378804,-0.9050242917496
0.238538275097912,0.92368197441258
-0.739117248244075,-1.94316696706642
0.77448051066002,0.417082694552628
-0.0689485928633439,-1.4384195564011
-0.92912175655725,-0.510487165816923
1.03132302032006,0.994724020475127
-1.02429152694517,-1.03833534934997
-0.515307353348848,0.142319335568444
-3.26209535816622,0.00036747875821891
-0.0340964915482881,-0.00468123511134482
0.644348691658072,0.365457622795957
-0.146039083960976,-0.0962994406189957
1.95277472418922,1.75464841233731
-0.0116832404202566,-0.250767362005063
-0.563702099693883,-0.288861106208957
-0.56695516937757,-0.179243540934772
0.331119194876764,-0.0751400440596653
-0.636454178473304,-0.690472373412073
-1.58811027768911,-0.744553944581666
0.118733283408468,0.0577316038431742
1.1539892513092,0.143975766079429
1.65476044955823,1.60715101697538
-0.198715486269682,0.984535855513864
0.38263633948691,-0.232162443108156
1.64356378269069,1.4202277744272
0.0486632364448143,-0.608784995015633
-0.280872252989962,-0.264594004773703
0.510738608620474,1.05002824050591
-1.51214551492294,-0.767439298298362
-1.46229298129176,-1.80818264593467
0.560062927251599,0.650520143839105
-0.85168825846883,0.463260526335437
-1.4085015578936,-1.54010181464415
-1.24375446826706,-1.36654952937803
-0.113642040537652,-0.433530415709058
-0.194330496276091,-0.328822899755258
2.39065452115006,2.13644233848387
1.52092215520507,1.08883982564258
0.188913323887281,-0.197924818998898
0.429245363105626,-0.427658013467189
-0.837228755944929,-0.6752000019435
-0.0702675067737343,0.199871931174111
-1.47522621730547,-0.18937146680921
-1.14957126816333,-0.793752100898349
-1.41179590777985,-1.39361039950394
-1.99581745410783,-1.37251692291099
0.0716829285746274,-0.00947774970158555
0.950367626845934,1.49466902819818
-0.177749421045474,0.465220501549401
-0.145266026087408,0.539772458143652
-1.66048646953317,-0.138018834608986
-1.85350589787334,-0.835164252463691
-0.316402305697659,0.0534971773706872
-0.749034701524936,0.272247509665037
-0.637028213325696,-0.146095027202669
0.447061401341693,0.330173974724757
-0.604496024918899,-2.21927536083594
0.737750296571237,0.773460366111011
-0.138380798748197,-0.976043039650161
-2.76157956243007,-0.936267000246747
0.621483591993876,0.730226154225005
0.352451432108282,-2.02976711171959
0.0446859333822668,0.262183415120937
1.17849301188973,1.49728779397647
0.321400533697974,0.386247590774693
0.130230468509537,0.695357427874191
0.439932295857009,0.264979325599008
-0.204369270431255,0.842283154084454
0.91763646087426,-0.247582119229319
-0.27508729590597,-0.663978042661919
-0.791827803736782,-1.83504989262289
0.935011269296808,0.232791761817471
-0.510038339876091,-0.425565315142827
0.622096606595776,0.412014523248158
-0.818051135787728,-0.468682274624018
-0.526323236432891,-0.840333594790947
0.655232634717708,0.763043762454655
1.68368037769441,1.78404133461711
0.0837139251819705,0.379443869721066
0.471145187396881,0.708907845497727
-1.80530628502885,-0.505013505212073
0.786584820513052,0.919676025370021
-1.46857552884715,-0.873411737458539
2.16956859508699,0.854097852106373
-0.717429414426519,-1.01436835140016
0.498162852602564,-1.89078932325894
-1.27517657181582,-0.139537113872107
0.569346982888612,-0.13857633563741
-1.21249619341799,-0.0669751794557401
0.514638752518249,0.866135135833112
0.892351314451331,0.425352337938421
0.693653805919717,-0.926118987647561
0.135049254904562,0.575025195187547
-0.666043285976116,0.38904087694565
1.48244451064122,1.29194401759516
-0.906593945256115,-0.200096066293912
1.84712241195469,1.82117926993905
0.198003656065907,0.00651584213773953
-0.276648616785472,-0.32325170909133
0.786769023188171,-0.996762212456243
1.57033221611153,1.34406991329203
0.647406268685487,1.00678219849585
-1.28799447362175,-0.863330656084447
-0.152325066947055,-1.15535667249636
-0.475641554907397,-0.177642674038903
-0.737313061432427,-1.30831828506993
-1.34670667000053,-1.43308394750527
-0.658294314260026,-2.83363096546881
0.251407378965625,-0.579852859385895
0.981657729421708,0.842907833784597
0.390421901327203,0.248624454127523
1.08484825875544,1.02816571238576
1.3276940625312,0.910570731076222
0.395164686566156,0.47804475499165
1.08993019901803,1.11030831361783
1.26532202777865,1.55581165026921
0.121127712992953,-0.207152078352084
-2.27094646954509,-0.361872587414965
2.11734006133612,2.03573101599935
0.739958077997566,0.0715676483043949
2.30407207470934,2.16527448811336
-0.960117465459389,-2.45699804296343
-0.647513631724472,0.0418157310517191
0.122429394704253,0.0273305847550097
0.751227087691383,-0.17459341887033
1.17568334985021,0.916085010933826
0.193927209984712,-0.184541832860488
-0.898879230042479,-2.10903542427883
-0.126603931950515,-0.703590423552125
-0.396582988711064,0.721549622216971
-1.35708493417754,-0.86602653288964
-0.579630360735735,-1.34837212531078
0.654305766853527,0.681899071933144
0.0909600321245932,0.321002497149745
0.734249971949587,0.221393394126285
0.0548985546255664,0.108796555304063
0.417430745194352,-1.24675225352792
0.550006747113611,1.89799569642733
-0.0156147088266902,1.08245025286316
-1.31372210856426,0.969496632083879
1.00812529635827,0.926696110979208
0.519532271086844,0.19889212955817
-0.203580851646105,0.0782406693887066
-1.2483843361655,-1.19088748423478
1.31466140320194,1.34727413699857
1.53457318484016,1.23919664811104
0.74905986967977,1.31665534210819
1.30029010226125,1.59466330645166
-1.08819440964651,-1.30248232849944
-0.375271033239077,-0.236943276177137
-0.0566594097740406,-1.17724494898373
0.677419199810584,1.24670697860665
1.296015976929,-0.454174919380606
-0.890034653780155,-1.48984972994122
-0.450038190300716,-1.21049059390169
-1.35273340126284,0.921407126699116
-0.517321580524244,0.155132550212515
-1.23329579750098,-0.683940190336175
-2.32841652953421,-1.34758351110263
0.321377728499713,-0.821460056974636
1.03202886820488,1.02054571002485
-0.989824079546897,-0.862260847218383
-0.236896658023649,-0.0722146819762227
-0.56702824552696,0.244609860270728
0.53413391061733,0.497872387928213
-0.581588408131213,-0.0686827901107498
-1.05843451625241,-0.448911863662467
-1.71922635485239,-1.01273543232007
-1.02655003549356,-0.356971593886514
1.42013755470582,1.64844140519886
0.571512940432969,0.952239679080652
0.141538120174414,0.519583884536963
-0.442207027692207,-1.72467921397189
-0.910119142400213,-0.606690824056947
0.954269949895112,-0.545054441745376
1.4333299852342,0.599413578079548
0.780140755970155,-0.131380180767699
-0.255781617576185,-0.362985137050501
0.29688034926845,0.419215597978299
-1.04966556788714,-0.775125276284913
-0.752092488267306,-0.355470297923475
-0.262656613604138,-0.275095780060449
-0.527411787562971,-1.16737256456291
-0.173859142949944,0.0647558332038558
1.94591931297696,2.11227198507308
-0.556178727621052,-0.444235844116569
1.01588010132079,1.88161896306707
0.258468747913827,0.638748694311169
0.466853686252209,0.822811605319133
-0.159172227393536,-0.827920063397645
0.163519426509875,0.322575724641644
0.282262625207179,-0.358200702863363
-0.00807701959704961,-0.562933514127555
0.282517548750101,-0.206280480128496
-0.405879097817151,0.0295790038329091
0.391334509776379,-2.73647539771059
0.0757236721846305,-0.868407979950278
0.6588393600383,0.79763399453144
0.214597119463372,-0.153079193805822
-0.246571409940577,-0.346837629524725
-0.0618319722911708,-0.561073486604747
-0.12541455594805,-1.66339928051198
0.746451604564489,0.886215800633792
-1.15438137488177,0.400423723891875
0.989368016941021,0.967037818815494
-0.162835858097051,-0.793924284917963
0.196038175199797,-0.120898619322733
0.564202042835054,1.07303889968352
0.903504042598871,0.384547803243101
1.23734698973377,1.26025403822336
-2.13319138739807,-0.0321392314031599
-0.48619872210531,-0.309369536458855
-0.182123989047464,-1.05910860296399
1.45467398375818,1.49655657439803
-0.742383183509733,-1.37554380224613
-0.0641981738664375,-0.767560841204478
-0.259250196750135,0.173784104117009
0.848514111867329,-0.102203074668563
-0.819367497061333,-0.201741162583393
1.1947626864996,0.952411831281776
0.049763301927343,-1.1110036502
0.118228353855345,2.11559604358443
1.350164645364,1.38728307352737
-0.327517954612656,-0.469364239773124
-1.16316539912119,-0.678716097866671
0.353220381446482,-0.27438745323209
0.272545774962815,-0.43321257637261
0.938069962379616,1.00231787953597
0.224101407172345,0.015646496958755
-0.12187447333999,-0.843405292398062
-0.330187648430414,-0.892738285793576
0.0876556590047682,0.386869866810277
-1.71431799111516,0.748359050624607
0.43883772048536,-0.350300597822542
1.31030035876256,0.708348461714689
-0.0536337266545685,0.163892467342143
0.652311331061058,0.0656724551199528
0.950886133240917,0.872512715559075
-0.93036172676281,-0.881727081230081
0.37217793408196,-0.468991588811602
0.671630916706448,0.166789551293336
0.0443088802153387,-0.10724828534356
0.233717077938103,-0.0146597439297568
0.974062114697254,0.470297611477202
0.16507052571024,0.520586273084077
-0.127178648405265,-2.18208018705894
-1.09214237723407,0.949151682649013
-0.637901022830317,-1.26194760166028
-0.832839444650021,-0.896362123450256
-0.604791890126949,0.349893509635936
-0.633287886396221,-0.647846842989554
-0.766302677195784,-1.17122444361691
-0.468565531596623,-0.296870165140563
-2.10237610443247,-1.90269283981468
0.174364604220158,0.485349295347947
-1.38700152844915,-1.54067740593585
2.43152712656108,2.05484416341985
1.42039594149936,1.52244444635511
0.55652770430287,0.369545948179611
-1.71268059152787,0.294417117865495
-0.700400824250234,-0.880108233731173
1.16035853567885,1.30048034598709
-1.09413856454313,-1.72058008835152
0.903049825186783,0.569680190355164
-1.52596716050272,0.676786461238804
0.91148705835087,0.86428736381362
-0.139146258674671,-0.726637107144134
-1.32068411407208,-0.42998117555945
0.436834805573567,0.714614811317774
-1.61567195696869,0.0427774689124037
-0.449649799579152,-0.454444109546869
1.75626363636949,1.50164676672182
-1.87821559705915,-0.449830591137821
-1.97194936287745,-1.18744274373649
0.530650987156821,-0.238549599047561
0.279357513452837,0.22152470852606
-1.61742029466347,-0.666466327372319
-0.222717474013971,0.127438940449441
-1.03004296586058,-0.844384546715188
1.3087556742377,1.23541219955032
0.709746015102471,0.00849073523224726
0.587483249531175,-0.21600238574672
-1.00686298895026,-1.52722111918872
-0.255441297065857,-2.24566383027824
-0.0844628664933458,-0.33748156542789
1.32665713101693,1.24323785055958
1.32433694081181,1.28027979612141
1.20133223943598,0.872989951021354
-0.506074231740548,-0.896808757637482
-0.665033901512267,0.21475223058494
-0.522335740066191,0.0550335943331048
0.158940781984123,-0.665008215650521
0.0180569290831795,0.346024461651774
0.172862433774864,-1.6931739548745
-0.618132352292194,-0.648177504277247
0.348273955762019,1.27258943828963
0.205771551157633,0.962742514404675
1.73354269720109,1.40703833194751
-0.132129255205644,-0.245938806694425
-1.94348178169339,-0.0938420077594588
-2.40262796639842,-0.759149663048207
2.178679103419,2.56795494885111
-0.130341987898286,0.804124529452097
-0.514900827023604,-0.412041414262833
0.155606208058289,-0.176569678400372
1.11109748532635,1.4622361700343
-1.30749798563689,0.887416437285758
0.523721077255781,1.10400697829328
-0.707836333346339,-2.49793966207097
0.310966096008597,-0.331732260158492
0.293277455053957,-0.899476492552235
-0.165008525048585,0.481877539903838
-0.91718754461431,0.0827866869668739
-2.34853742708653,-1.313302520835
-1.28034425750649,-0.617221727771199
0.130317365034043,-0.804757325839652
-1.09329019142511,-0.981804449753827
0.759457012484341,0.546392811235562
-1.06345210483526,-1.22444537880784
1.37858436291663,1.38801042635283
1.57597442127938,-1.29576016556301
0.48476826221576,0.398157725239329
-0.736279279693016,-0.179410153781834
0.934374107830549,1.32670730528937
0.13493626903891,0.942204777964259
0.454479824989627,1.47330988555855
0.494450414054249,-0.457099715669541
-0.0955850095609261,-0.848873021434999
-1.33318085169276,-0.316947267305374
0.180405326994969,0.563538210333783
0.222339606415272,-0.976007321509802
0.797476615754395,1.08994286640769
2.01074527639264,2.07997579951033
-0.0471977567273769,0.17558333675288
-0.720935031098329,-0.573847212455994
1.11557444719272,-1.37197953701788
0.755036982551584,-0.398392453631451
0.379118524150744,0.28431158778916
0.573680476383466,0.846157399432486
-0.00834014107350473,-1.60232307571903
0.491824940361909,0.124709883386494
2.56293065697439,2.58324243100203
-0.643559115628591,-0.69359546644934
-1.718652472259,-1.41791612860145
-0.38068620766673,-1.06548383938134
3.41292825946752,3.3207297719144
-0.334309100227417,-0.912508043498385
0.903130007095641,0.735245800702462
-1.13147468234416,0.381464299729998
-1.12490326657363,-0.821205330843104
-2.26644307859124,-1.36019937411757
-0.293996296640355,-0.169325509306883
-0.0672903598286052,-0.385544450936649
1.10401194646008,0.882483951790007
0.0404935487509657,0.950071789797489
-0.907846483658064,-0.206695913850592
-0.196463248924177,0.181665727744399
0.746178347274723,-1.35516048796623
0.200430067962395,0.530792509289074
-0.259506566082814,-0.920110146457771
0.37631247568589,0.328943404490938
-0.427574211540942,-0.394555133287823
-0.124442323995875,0.144192890189025
0.914079703314542,1.13871506282911
-0.373834367970999,-0.808664627880754
0.592030159917263,0.247327290526527
0.656981154234286,-0.124779447837193
-0.0308187719151128,0.681826148095075
0.972742192915461,1.17732255073539
-0.149141373902488,-1.219735116527
-1.15341893086943,-1.07148534971765
0.180260617301754,0.259429387108879
-1.18641987908348,-1.49017683138584
-1.04734043324383,0.935407684745799
-0.758003997268903,-3.13777313698248
-1.70927375356083,-1.31183201521863
-0.957589057418933,-0.746590842722075
1.31127963988135,1.23745500166825
-1.50411222959496,-1.52182684988615
-0.274129231710306,0.0289597525760834
0.156346967602788,0.194727721167691
-0.419895509367602,-0.728869178840004
-0.624065283779417,-0.117666441055825
1.25503758971068,1.58238420530254
-2.38108381992019,-1.05090268008841
-0.437574509795102,0.340786490772168
0.263290245081371,0.353772996571783
1.40179999154701,1.18825224787668
0.750517983751494,0.741866461505988
-0.108520144616908,-0.333563652487106
0.850397794082705,0.730337362522569
0.607612024291661,0.630216191065098
1.31122873044261,1.74250612987552
1.61946098395581,2.41634601652785
0.437336888630692,-0.820353222287439
-0.649786736784291,-0.502479537782333
0.0430190179710469,-0.284107925969211
-0.317056770166387,-1.1106080467011
0.674050123180823,0.777063420979792
-1.11494996744734,-2.38248911474595
1.759814326895,1.6915239139495
0.670992634280993,-0.0717640862399269
-2.0866999070272,-1.07521027147925
0.573351947915655,-0.499143701325491
0.441828806601958,0.429565781046045
-1.80451949649499,-1.2450505113896
-1.20816235510932,-0.180237689272517
0.474715118300101,-0.301668881746395
0.0272692097108784,-0.517728621436062
-1.3927067501893,2.3780457757277
1.54276706446291,1.45686494125154
0.768592897843252,1.47453586758874
-0.608644388586248,-0.503750752228005
0.3813514515115,0.783614939616228
1.30842731247523,0.772747058762469
0.926306974616642,0.708063082829909
-0.438896192991263,-0.0542814268459651
-0.256495751937221,-1.25315540626755
-2.18932167630486,-0.337366146595139
0.207385301325059,-0.502443821063496
-0.353942211013091,0.398993818440177
0.108904396620875,0.273596881516836
-0.933982293947671,0.252302053248836
0.739474046098661,0.821933268043701
0.901156331200603,0.733955358365411
0.457066861984131,0.784008389537419
-1.11462586532179,-0.194343165158155
1.09757083056321,0.987007067528978
1.05133912600978,0.789386946553726
-0.130265520681291,-0.0111117403762693
-0.206124123774426,-0.607639889191548
0.177470283672036,-0.141595723362784
-0.536049692796698,0.201736897012149
0.241890007110028,-0.274995083462964
2.12949977949569,1.8911501591287
1.83699226754276,1.3330373976348
1.16922836160574,1.57534385221074
-0.607187603931032,-0.0927336132007611
1.32363823565848,0.826544844075934
0.000566371235593838,-1.28524710208367
1.28766466185015,1.36171745563814
0.0784034270670528,-0.0389998956012613
0.537824461437102,0.934672689674164
-1.27648336411097,-0.542609875662197
-1.13633014407725,-2.46577995661611
0.965682948650013,1.27855509137118
-1.66148747787417,-0.19180027162438
1.25939258430878,0.901587760954706
0.179586003831212,0.182203131255303
-0.0402609584138272,0.66693365561879
1.56107450532078,1.86382670996933
-2.16033905974015,-1.23138334463649
2.15058897675748,2.18908049208638
1.5601863591063,1.52603086661481
-1.6551171778092,-0.518419650077135
-0.362056134377216,-0.070323888717901
-1.33980080949486,-0.60520260019719
-0.802020138396846,-0.988739174064183
-0.182205286929476,0.659946313849844
1.0675583281476,1.04462510579303
-1.05987129255447,-1.55561278727148
0.037814638459444,0.251030066245871
-1.59392263006185,0.175551653775891
-1.13627268206451,-0.621260135329848
-0.524247053960308,-1.69702485951271
-0.437930099485925,-0.0950255267987186
-1.2200723588049,1.31770167206537
-1.11619406838823,-1.04925483869147
-0.641204863117597,-0.834897187289282
0.729304739525074,1.0075624783701
-0.351785239043717,-1.95581929168253
0.22227762107206,-0.191111599394127
0.796392542179088,1.14834236297607
-1.0845832582267,-0.827728826367123
1.22772698264737,-0.0671648580076094
-0.104983132969461,-0.932216424887094
-1.04372082598215,-0.926721778930677
0.404801532488704,0.38599474770978
0.342574540357104,-0.689128779192623
-1.37271218148078,-0.917754545250251
-0.883102695498904,-1.33603762933659
-0.837202936880577,-1.22467425806314
-0.0146229088456143,-0.327702354041752
0.419795143321908,0.298210512391145
1.06641888308231,0.782514961985267
-0.0520908279570402,1.03998149877002
-0.205265697451975,-0.398208284244751
-1.72749988711441,-1.38274702183791
-0.248749771588949,-0.0904086812806226
-0.0814549121918639,-0.602365121307611
0.946265032750914,1.2647678732663
0.694257655783225,0.990454373430786
-0.992506792258189,-1.09532571048919
0.0787345044440001,-0.734550505185564
-0.4834686028058,-0.497441557160095
-0.0450249379383188,-0.26551670378362
-2.64328446113736,-1.15777167665663
-2.79849737615526,-0.526664136392142
0.850338766468853,0.383610862854072
-0.544861544562593,-0.55633846644146
0.977030667792013,-1.02368801917697
-1.25798402107325,0.0020884466014926
1.12858849692866,0.811030584819169
3.11538080512473,3.24434404894521
0.206939701413939,0.193080482219027
0.682713730852414,-1.41637621638259
0.428587372972181,0.48633487098952
0.318400010074058,-0.0148127079441096
-1.40341956913615,-0.818571320770047
1.58265694167069,1.59388174240568
-1.35011652728864,0.712903017372297
1.29739311551281,0.764882060141688
-1.18305014700407,-0.501762213592574
-0.472724100416283,-0.784117994363805
0.0839573289667838,0.544856476530511
1.52290147074874,1.37926735589287
-0.905925729474541,-1.53772869830893
0.304304929591695,-0.706596335851058
-1.97714501222479,-0.0956529988412671
-1.36523545135584,-1.76858617491352
-0.164152607547351,-1.88211973110032
1.70516984818566,1.41598598944072
-0.365937521360867,-1.16124622481524
-1.39259684300381,-2.31617651786046
0.615299700631148,1.01268690896161
-0.927246371706076,-0.0546287922152006
-0.556189595705413,-1.66736599918176
-0.611953360308329,-1.7863571661869
0.666061944528779,0.16273416675891
-2.09235872855132,-0.516437511827366
0.640895081504801,0.464799730846411
-0.574427103906234,-0.372156479248669
1.87042889449442,1.63868385868519
0.396246381002752,0.237793659721032
0.247255937720705,0.57999058079287
-1.74354694575924,1.00180749149262
1.50149544267365,1.2779489637396
-0.875861902894806,-0.682873493591273
-0.146560896466071,0.382710877062564
-0.773460778333438,-1.29457738312723
0.231222769008317,0.0737687325382049
1.0751529700689,-1.34777200734739
-0.0218904808217462,-1.05387336853965
-0.891499284252636,-1.41078160097288
1.20212344762387,1.48656126081105
0.0275865575470201,-0.466692211420593
1.04229936844024,1.33276538239558
0.280950907963304,-1.04930611929312
0.539514060672903,0.119888172994715
-0.447113556186354,-1.05266803717258
0.728090221985142,0.809389131429576
-0.308555501976188,-0.715715543022191
0.482764990920277,0.130694911329487
-0.994063736744427,-0.424101131202217
-0.512499820328867,0.194699174338025
1.54215924574884,1.62413174800666
0.483522958751446,-0.642419500114425
-0.348872802198461,0.354056502674199
-0.111620269141799,0.325686724651875
-0.433327763667717,-0.516133833153285
0.380866679355443,0.33913319574091
-2.61413868767196,-0.789488343543145
-0.882706221509419,-0.739108487047461
-0.767081157980897,-2.14378297747937
-0.117276445369023,0.494252842192585
-0.376697187643801,0.210313892477607
-0.300281863900154,0.0442370300244345
1.0358872099272,0.950596129397799
-0.279437424679774,-0.500959643086441
0.443936004085655,0.818095341771641
2.01385561869524,0.368868095729629
0.179414002120958,-0.0225944626874489
1.008043237395,0.258907773169783
0.329212043526521,0.0376173004447571
-0.277995844319904,0.158839662970284
0.232809587592499,-1.02405587696654
0.739581752379171,0.745596275006027
0.677343697309941,0.29083372720717
-0.318718673876085,-0.510875701960811
-2.15818105407206,-0.0755285289356228
0.335953875498663,-1.01320931967258
0.153032946636135,-0.492678953226567
-0.853016417805085,-0.78743032325572
0.177545935698311,-1.39588142751767
-0.471410161382288,-0.308797970942736
0.288815958574136,0.359955439145948
0.0189404571430004,-1.16065165266454
-0.559178824056916,0.312351598743462
0.448527557162756,0.220358535764604
-0.751147813958206,-1.99048956345947
-1.66224615021652,0.325641108421857
-0.395723874124525,-0.350175804667203
0.232169452156191,-0.718691263796557
-0.292030153881985,0.164054857318678
-0.165774095468179,-1.25303475971078
-1.33471389509555,-0.75703174636612
0.41324184337882,-0.0912516960837881
-1.90917026950798,-0.798528778367071
0.131238940866861,0.0903822566863987
-0.320768267628369,-1.09716611956495
1.59800370116025,1.20186951851579
0.247437846841445,-0.927345686172469
1.35399106106505,0.94554165567579
0.129157827005014,-1.37679267486737
-1.72001811851319,-0.889974380368368
-1.71563753324169,-0.937666216679204
-0.402160330231639,-1.7134079075565
-0.166716369149492,0.140375518010597
0.167151118639738,-0.490663825200381
0.570817106733286,-0.492058654134873
0.697141629291147,0.758219348122073
-0.695291503409694,0.226215743042936
0.140837767435895,0.487410825349182
-0.0979257004264159,-2.6141336500459
0.167210600054301,0.208073101904844
0.450614868492583,0.115877828472385
-0.618581693282126,-0.53228247291032
0.463521724245088,-2.06824368368905
2.29781853965191,2.40769047429933
0.278997987131143,-0.495576557671771
-1.01440393569736,0.0576433596326893
-2.41307421440804,-0.992342454703807
-0.632846175028372,-0.898885765119632
0.673353783254023,0.699520666160959
-0.605217198864129,0.155310306116365
-1.47160167740269,-0.237917235759471
1.02315076448045,0.443770404747362
1.35519200538301,0.725414191904479
-0.121906481756065,0.12460880297869
0.970797684220331,1.16099563043271
0.413803229091997,-1.06101689825756
0.491973678553514,0.899937144300874
-0.740894158075479,-0.758719827998553
-0.362901548199262,-1.06448931545504
-0.485961677204366,-0.181863594572752
0.391586176955201,0.445710037034214
0.472350640828249,0.218001025470439
-2.57447680779262,-0.0467281844272464
0.607575933016649,-0.0219336698980723
-0.468232568520314,-0.905707836174519
-0.433062583906144,-2.4505727636994
-0.528097490260829,-1.37507350417106
0.895605887458653,-0.344144698991074
-0.125815713412652,0.447556097746498
-1.14819820148816,-0.482753442116826
-0.0679068941918285,0.0642405030583425
-1.07939559135715,-0.900228604650455
1.50013512217834,-0.824656341148221
0.327689845245024,0.748276686723095
-1.23529534297823,-0.477241799269461
0.42255119136259,0.236524715416292
-0.514837472193779,1.49128276346123
0.901013572947749,0.222941605494153
0.602082191073418,-0.368158730323627
-0.430813936348545,-0.150343196716477
-1.11111089110859,-0.428012538171598
-0.455764457295745,-0.299523589797312
0.385885966877534,-0.0383068198417271
0.0872530902330928,0.112796926927314
-1.23251480508773,-0.88755596712975
-0.458995558049261,1.31998123974847
-0.436158678486956,-0.0261211537494952
-0.963935716200613,-1.18503527545933
-0.21506850721875,-1.07552449966203
0.168073282965081,0.666697104777108
-0.179715557869905,0.654245276595445
-0.657374504633839,-0.110996927926591
-0.893109289339215,-1.75454059862454
-0.816615077288886,-0.241923675080059
-0.0119528194853426,1.09046399192025
0.235302010515067,0.517702391489703
0.662651650856579,1.57690762893098
0.375921195414853,-0.64042805293931
-0.214632375080592,-1.57704495278428
-0.552229811525131,-1.07195718502872
0.721673279567736,0.835810523823598
-1.58953235143759,-1.23436999447455
-0.735542224109938,-1.1303485970409
-0.11914295237075,-0.826161555566855
1.33058780680244,1.11551732787805
-0.0590878615029353,-0.0383629616151603
1.26202406304774,1.16785429488685
1.01401070753842,0.821954499168669
1.47106266007916,-0.534767068726183
0.127704304192091,-0.164076260151063
-1.24831201444298,0.510081899509827
0.0969480674143692,0.292737196962184
0.936447940254889,-0.199013136645597
-0.838813836034017,-0.227027347753725
-0.759576773923204,-0.260889421862351
-1.26575641258102,0.0476952921590258
1.22662786480749,1.25998893029882
-2.21417695300187,-1.97156857378592
-0.0186503086972717,-0.0135499574558358
0.0526625994332766,0.0589442320321695
-0.121127760632429,0.341768199772063
-1.29921188319953,-0.205309178798531
0.999107144250553,0.72293815637586
0.647508629713419,0.711912017182066
0.379240929181136,0.711843475465182
1.01007906932268,0.857626346141798
-1.43490499078332,0.318275795269814
-0.55927842746948,0.0860120602746046
-1.04424683442744,-0.706421457523139
0.0501619364433253,-0.224786892326801
-0.540096720426557,1.02146626585371
0.930861555489534,1.05077047422094
-0.337725709881808,-0.537077795896393
0.110050447608917,0.383680579899925
0.529249201424254,1.90994342186816
-1.59514885483732,-0.0175177446702801
0.58672780184304,0.414915882845796
-0.71987890654205,-0.575431788226676
1.21885213006658,1.19735960034539
-0.667637521801569,-0.401706900993626
-0.481640649652758,-0.495175895137518
-1.35494789016882,1.18798148847377
-1.15561850210572,0.945124459559788
0.63968562886515,0.773958691755861
-0.741177881946121,-1.00609892104356
1.18005654412205,-1.20440544559421
0.642706548227513,0.342622383771194
1.45216404586366,1.31558164762238
1.34842674279803,1.41706874285552
0.141138120146555,-0.416443312358103
-0.142074936758753,0.0206431738355257
-0.853578480579357,0.650662719240783
-0.188660170003467,-0.621764022470346
-1.88655440023903,-1.29596914187635
-0.876330794603164,-0.790655349161676
0.362550802732823,-0.552534626086708
-0.0614379053021743,-0.694052089580665
-0.846231678091939,-1.0006035421389
-0.563395953326169,-0.777229278476182
-0.53203647665634,-0.928748502756753
-1.93566283251212,-1.34299575112881
-2.34967257356845,-2.56232413424725
-1.54095467871837,-0.62539324481597
0.476196996153105,0.488331102463243
-0.638656534660542,-0.107215737593673
-1.47703360443528,0.239769243812177
0.0618542281634248,0.277060667590395
-1.53441428481391,-1.07466772295254
0.9127396926126,-0.754009977102156
-0.292216463763664,0.415888386005471
0.266744262212628,0.919891347020955
0.446053892220043,-0.482169376798759
1.49249722199061,0.72255755329577
-1.28663884325507,-0.750172969612965
-0.337997455818581,-1.78154386846587
0.354144668477776,0.227458231927132
-0.119504930612163,0.0230052342391542
1.16958279594787,1.13725897157808
0.631860428583283,-1.17799682947255
-0.193341094744998,0.255070303199609
0.441787128441299,-0.707468191571557
-0.98225930400609,-1.02587036719433
0.253919104447647,0.47669301782199
-2.33279886637733,-0.28004474047619
0.813781448386546,0.960188304878721
-1.05882947455859,-1.63805256872394
-0.960780970471215,-0.0225006939622854
-0.128834394911512,-0.289457273892815
1.07318346461262,1.20793243636973
0.989548134503825,0.0798406309314505
0.368641435295146,0.267619271881256
0.885664726676476,-0.0617303876768082
-1.0882364710315,-2.43427757497248
-0.0737922540562852,-0.0860369178894949
1.04263684681901,-0.170661998249008
-1.79531640217998,1.05544093221391
-0.586558683336875,-0.386957914915078
0.612626515938721,1.28932512996428
0.000340686408661025,0.0243202196298902
-1.27685273640468,-0.222892920221349
-0.316705060055001,-1.01313362144179
-0.449095318976488,-0.802899587048875
-0.703203947781758,-1.74109291127176
1.04121447042438,1.12627394282658
-1.25787272766968,0.276138284442319
-1.18488020349221,-0.561840151649011
0.40634953456976,0.251252560256259
-0.621264550372532,-0.178947099884707
-0.433582273979292,-0.807614596040341
-0.852489145312451,0.467455099424758
0.76181470296606,1.30410169063171
-0.551623007999526,-0.525293079700568
-0.162592456828812,0.116298230458464
-0.608878136395418,-0.105599758001549
0.528376369852783,-0.879835853209626
-0.430572335243154,-1.28143920571968
0.352961736533969,0.0684450602102791
1.50359616427771,1.5768950528879
-0.847227505025513,-0.0720266795182268
1.34923358800366,1.26859719939065
-0.434792533892129,-0.461289288219735
-0.133868410935739,0.208713034056033
-0.460807874546416,-0.11623140200396
0.118517412730951,-1.00490107760567
-0.940663294512052,-0.721680676728513
0.671838685291368,0.139021370038696
0.461945556101664,1.51698266561661
0.856612157126912,0.819603020170621
0.198745831548037,0.321131055982603
1.0313973219069,1.52932986804793
-0.548417046774972,-1.4366171764877
-1.15199782971666,-2.28167332739745
-0.19122533300621,0.621116485959793
-0.420254765405701,0.211481724228137
0.810663767286312,-0.0382406677275648
0.0768452963995328,0.371028774980502
-0.92972385948709,-0.764857023031999
-0.317317526630268,-1.9474077069639
-0.987809375194401,-0.892732219857963
2.39808181870711,2.14145929500819
1.5416195102646,1.55188380381069
0.420146565798754,0.359208239390769
-1.50171268501153,-0.613167305464379
-0.609677174302539,-0.0188648301615129
-0.0385302037034779,-0.122382838506961
0.228346239607222,-0.048089559581971
0.207999468513975,-0.769151171090232
0.76299358163032,-1.47852740392871
-1.99666732847061,-0.913486896787634
-0.184787921611588,-0.288533429161182
1.47639375240658,1.32804492460332
1.27057325108614,1.49335659543319
0.67150379130832,0.602787184099415
-0.289274024868705,-0.234381357129145
1.26666486857461,0.578405969492721
1.06335013057083,0.154730273787941
-0.335029623690849,-0.822237213719749
-0.610518185064909,0.0402764052684367
1.255771900111,1.04269006248193
-0.81534700570499,0.0649095545866288
-1.1497616912489,-1.68259336966186
-0.150333434899716,-0.442553251622102
-0.416204472603849,-0.334832297708379
-0.399083115185156,-0.640160642615344
0.333013525280571,0.694555440957452
-1.12926836581516,-0.598857038698415
0.0768879655939584,-1.15037547326104
0.805625186652773,0.731137747571418
0.834628650718772,0.673991269166427
-0.2339772474542,0.483933986961679
-0.669459517898076,-0.181448361123327
0.719847764819514,0.0293244666764915
0.55427428795974,0.541903630819823
0.440656030502609,0.754142289326506
0.826277656957548,0.48576101895974
0.112387365776578,0.0663559361811695
-0.317714224172331,0.654905142050347
-0.769028915089478,-1.45813904369587
-0.0772002630485761,0.430953440610851
-1.65022828543282,-1.7195412381057
1.56169615362902,0.00693897928144089
-0.130205536774647,-0.81512147047661
-2.39174668454993,0.209972300780434
0.0621458063663098,0.377810211035119
-0.383953882356739,-0.26115942051868
0.381348909732058,-0.291312891549079
1.60888244071989,1.75860785248261
1.43081297791318,1.76158273559532
2.08832681357349,1.32094259477102
-0.233426202939197,-0.448165579259296
0.880158877155022,-1.14954464336935
1.60579737159539,1.11898038490015
1.72905091155035,1.76515039625376
-0.657572493685962,0.126657111642161
1.15400301845839,0.866667775068102
1.29450860516293,1.03643008786947
-0.19566557875327,-1.19551783361581
0.542096909738317,-0.367940163518408
-0.180708476136584,-0.840792489496289
-0.400194232289116,0.208195491476563
-1.34984810600108,0.257811379800191
-2.09127884974083,-0.907232636606688
-0.541023188635174,-0.550243403792299
0.423305443499431,0.592341069235776
-1.7887048695088,0.817809391752434
2.29758011921946,1.93062733515542
-0.949951976215211,-0.456852634091329
-1.76506942514087,-0.335528308813849
0.448845423823768,0.416592877661505
-0.55631036712292,-1.30453140725389
-0.967006902595722,0.0604178322256809
0.01592520080661,-0.265151340247246
-0.12602537432805,-0.0334905791205111
-1.46449019617683,-1.31094071012983
-1.01231722060973,-0.8594877537931
1.23005758123017,0.611765109359747
0.594808134556163,-1.2816473015462
-1.74593127914778,-2.39257611862787
0.0749330466811826,-0.14157265891979
0.942750861581743,1.17175893598658
1.50242041721797,0.909040900380175
-0.279781100225707,-0.106197567621937
-1.43146340921789,-1.97725957095621
0.688464852545982,0.68960478608104
-0.620820948021328,-1.48531908521121
0.0253137481638495,0.602958387299918
-1.83926151822622,-1.54817924349793
-0.232387975759296,-0.108250386342389
0.91963616228129,1.36316533334054
0.15802955479115,-0.360896392130341
-1.54822764880785,0.473385179034356
-1.0978539727198,0.308784915454413
-1.15243416038837,-1.58269868003915
0.599413559258164,0.278829270302246
0.881546051632749,1.1173542072888
0.993031481585595,0.191467249593902
0.0447621735756196,-0.12080153901073
-0.447706925248463,1.30679894597393
0.354385353216382,0.306430182736008
1.10659509551052,0.603396964675555
2.47799198709603,1.72026903084633
-0.358985185391116,-1.31454664398038
-0.0649398835160193,0.00190396794489992
-0.945087085705429,-1.09155975235312
-0.324729905106553,-0.645918023020519
0.264424878880418,-0.436416451463695
0.416452414539352,-1.02586251117072
-0.669920874950726,-0.205418001680145
-1.2183971720585,-0.50535628917462
0.153525217550357,0.529574033919071
1.24066087352808,-0.46289728121436
-1.19412320104207,-0.683584722569351
-0.770943333110688,-1.14024107258069
-1.3521730433347,-0.939302163000027
1.26442968993975,0.777314362628146
-0.34577540363939,0.894254241496713
-0.112829219437147,-0.548956276186094
-0.090289786786792,0.218100576967185
0.930850421428824,0.245983578108102
-0.352824742931734,-1.19438384708904
-0.417412970783666,-0.111586296342581
-1.53488280988711,-1.35472060205208
1.14910744127747,0.558049419057097
-1.51399933493577,-1.20622514592685
0.0735511830902698,-1.60690383816076
-1.42760276052336,-1.15602198269832
1.03492408008363,1.05888816145385
0.267739958349052,0.305900548178487
0.925784521055371,-1.2169231629394
-0.375074211206567,0.306384819174397
0.450694862466331,0.388740979383072
2.31511882364221,2.6110931583305
0.518143781034826,0.522572565700781
-1.54537703246755,-0.771952332028081
-0.289557022556528,0.0215064037412781
-0.243070043823461,-0.148701433028963
0.568074775754028,0.516860348659533
1.20178370674172,1.32305384208156
-0.425436544040441,-0.563982713035086
-1.09002115094675,-0.317667436379812
0.940168191207281,-0.0946046946698717
-1.12861545055139,-0.981977547207448
-0.198791207355436,-0.130005122724973
-0.597827472830642,1.30393157681766
1.26294481297606,-0.437583288489144
-0.370529601771249,-0.621765996648073
0.585841760810872,0.473493732142691
0.862413569750751,0.937485988697207
-0.0277605807648913,-0.075336769281369
0.679474987045269,-0.774919623089406
0.0741022562254498,-1.69444233849176
0.211454673514188,0.36895304656993
-1.72741149034534,-0.141001790747579
-1.3685611363618,-1.18367394827377
-0.448554431639727,-0.26592106353426
-0.661357472310928,0.291544915953236
0.830370288821818,0.842709967092284
1.5765644201095,1.62070053316025
-0.318196829135547,-0.660630864906374
-1.26177886640513,-0.320615486490817
0.483090877423623,0.489762480002416
-0.23372930651749,-0.658205889654321
0.261207771165382,1.79559171694529
-0.390931038842726,0.30201138731109
-0.290292947669698,-0.423308867798735
-1.52517860096381,-1.24089961744588
1.73441732159935,1.4297385494392
-0.220549709546064,0.162707103907256
0.927000919942538,1.23380987332644
-0.316730543656524,-0.0696222349947857
0.39004174241797,0.669811926463705
-0.879643351038657,-0.396223618658912
0.587702897489143,0.421328746927775
-0.876311302856252,-1.72573043088691
0.255230766400538,-0.3812916869168
1.56428983385396,1.63633736964076
1.06295141886604,0.641281930241767
0.431124575126655,0.596089435312818
0.964213781451824,-1.09053167778607
-0.301171647397872,-0.624984023397599
-0.290402230319349,-1.09066077079633
0.524869040359247,-0.1122594707889
-0.923478569528111,-0.239269796664322
-0.738804928252876,-1.333766256798
0.115847577079215,1.0612919713316
-0.0392979561494417,0.120180229028815
0.747081658750765,-0.731929616929686
1.03509958255798,1.22385493995407
0.513531615130173,0.150172112558885
-0.516392113762912,-0.663736464941851
-0.690315812870323,-1.29619956266081
2.01202834373224,2.23695502413834
-0.0963884854334482,-0.694120616146868
-1.82822113229999,-1.54081786366389
0.536491879296133,0.48550760462018
0.734180759512776,-0.150200766463626
-0.910263441503733,-1.27642696568685
-1.24320966648755,0.0700399356656718
1.50243179962682,0.839671179900301
0.362294564611296,0.353211838869906
-0.675110986175569,-1.68124539561158
-0.875819454307281,0.527387722227798
0.0211988129720366,0.241029900360966
-0.396197820798884,0.179885979820635
1.40104637041757,2.06198450525495
-2.55226741180379,-1.96664305827008
-0.134789386543362,-0.668637886210606
0.0883214569549887,0.538892730119488
-1.13639128959388,-0.729808289833654
-1.75116225023412,-1.40468536514191
0.956875894499982,1.20141099324577
0.132179831972822,-2.00314126090727
2.07568575055335,1.9512832219579
-0.657825397128115,-1.02168246013531
-0.513705719548159,-0.676580100526807
0.365288493389522,0.0794771036057494
1.09147289931029,1.19806959364915
-1.03188846297194,-0.939457276758098
0.733228295578829,1.49737351245716
-0.407011538187351,-0.307600300017299
-1.35867726324056,-0.420056641258472
-0.987279069435591,-0.846689631228512
0.406154733535378,1.25123625857905
0.567391277701095,0.425656883510958
-2.11850633074935,-0.437626413218101
0.555973144194474,0.803975967368522
0.491239517793293,0.357592623029629
-0.453343733204031,-0.682913400311109
1.45521283029523,1.3738330474187
-1.31779802427304,-1.60586079978576
-0.146099697673195,-0.382915437959675
-0.898700178060046,-1.09324742201517
-1.17523753164631,-1.10755280366196
-0.763111392145381,-0.815744119238214
0.192986542394144,-0.0213036134912447
1.9039470100803,2.06844813400142
-0.283873552252083,-0.570710067264368
0.643209213517383,1.50296489232269
1.07607373882499,1.14674658249251
1.88661419330126,1.63951983182398
-0.267052392212321,0.364882370504256
-0.0774075737846157,0.296804898227185
-0.00429159310861897,0.602388106308789
0.643872378855827,-0.0222220098607265
1.82480288602922,1.8313779777109
0.288446557153317,-0.199363790090824
0.269002653116959,1.49694427987854
0.15349675005014,1.10685388494922
0.255368613062261,0.770526524348519
1.15346336804106,1.17172352554674
0.213785140872758,0.343547275981376
-0.176704632257077,-0.845511410621075
1.61548991034991,1.51339297815443
1.53184378444982,1.25415905813617
0.118887882217784,-0.97916242564891
-1.85791676599424,-0.949302674489041
-1.1529299849819,-1.00338324095937
-1.56112624321219,-0.824448639269749
0.883324895727112,0.668224874072504
1.99139694299881,2.01410025578275
-0.259419491534555,-1.28108969309023
0.346439449583671,0.231502622664047
0.311121928593977,-0.27241068506486
1.58297843830687,0.917656374900184
1.68418445949397,1.6751497043281
-0.818720650694648,-0.642361394945699
0.213138348172604,0.600123347868841
1.16152627544999,1.38507451553622
-0.979791336739289,-0.547412283685571
0.458175771388551,-0.331200702837228
-1.93414301470278,-1.57133692855041
0.0731022179406698,0.157313512199894
0.219712379285698,0.261597742805126
-2.96875694538401,-1.7922255677289
-0.218577687620719,0.332360705992336
-0.664344277046927,-0.229175115156142
-0.20050923414196,-1.25088502369917
0.49662071276196,0.0477618950578779
-2.05285119117659,-1.81924726636184
0.0367950736301834,0.348317251521262
0.284431285818511,-0.123756909741297
-0.54827253126571,0.16006968038902
0.127663765983094,0.494144707962622
-0.301491816288569,-0.426957451649106
0.0742110052875355,0.298408623835165
-0.943629033882609,-1.87972478514414
-2.22598521848877,-1.76230935962093
-1.48386627120128,0.0652526240774309
-0.490044342903923,-0.901497037298762
0.620623351847873,-0.504332668220163
-0.266683378333588,-0.268979999789419
0.162198549826268,-0.441413702809594
0.401138374898225,0.938453353703718
-1.60058891574232,-2.60753554380342
-0.256827782132736,-0.0951803164589572
0.96919208607436,0.81600332114005
-0.0722183644448664,-2.35426278007894
1.31451238338394,1.06167836718457
0.304584880987133,-1.18460498871124
-0.605434535053353,-0.379998973513095
-0.0792365570590439,-0.37595436558147
0.932471324138256,1.40054863362227
0.132027915057135,-0.874251400392231
0.465058375415331,2.3044487499977
-0.579523877160711,-0.0197834183713748
-1.54417129736443,-1.39109506638318
0.0347193033800234,-0.43014091984277
0.213658375468668,-0.573291696643978
1.11570050662074,1.0912901932388
0.614539656605655,0.652269875479978
0.582390282120341,0.756312216798257
-0.0544420659972673,0.17179691131382
0.360705537637242,0.869085420140596
2.12165116445474,2.2719556520474
-1.61226176286859,0.197204428670096
-1.52086809083381,-1.73749349211626
-0.35346044024113,0.466018387893667
-0.154955824917715,-1.25898811063853
-1.07150472440841,-0.536815018340809
1.0529933068342,0.531099048739308
-0.478685251992514,-1.71765368579442
-0.153135056981796,1.46436246071831
0.651231024131368,0.562501125990286
-0.373118610863243,-0.565100867996728
1.87078319666925,1.61523625898596
0.253462186721183,-0.983041661976967
1.24235482782679,1.37502759556575
-0.964771215003052,0.0209757539770957
1.54406149335428,1.28995813319001
0.829938975279147,-0.695903665751459
-0.328255825553763,-1.24861677486708
0.273148288313727,0.249473776958119
0.935011636012192,1.14204853744199
-1.16388817428384,0.492144045499157
0.109629747211003,-0.561471698860318
0.902987953022939,1.13577754266802
-1.40802721545032,-0.415647240519017
-0.659190471693107,-1.19858017679105
-2.30346833142031,-1.89046967470512
0.79307805473674,0.996107245990976
-1.26611886088745,0.0063114234797328
-0.38150846979672,-1.46856204234521
-0.156468947394104,-1.11209059836308
-0.143799380037387,-0.0926664889975905
-0.869871021286635,1.27271504535224
0.128865041896834,-0.0293338950250134
1.80222754631182,1.99803724021247
-0.937319585817987,-0.821720158390683
0.614607113341314,0.806530812694389
1.07749675851139,0.756610261036662
-0.19467641378464,-1.17139942353865
0.0542950814465192,-0.342732199163825
0.599675631035971,0.115863173535515
0.435162386331309,0.526002970204877
0.860883754223851,0.752581839214075
-0.837584601144493,-0.104381731551193
0.288617267634248,-1.09523528068949
1.89437712943998,1.50636775745507
-1.75108570597161,-0.523879935091121
-0.909074149918594,-0.777262044549145
0.0380502104366272,-0.273596268235381
-0.0460116636057893,-0.520458882524853
0.662758247278454,0.440120957030307
0.444560819537766,-0.424990874273314
-1.26674527193882,-1.73564645782341
-0.48156844570222,0.201617560547008
-0.32862157561803,0.784355714683203
0.333074233202298,0.454235624124632
-1.03333349734989,-1.12350501784804
0.102615266407886,-0.554580830136736
-0.328093329955388,-0.868112133779931
-1.11289165687303,-1.60717750041581
0.0923286561271406,-0.210593472266486
-1.44446236735966,-0.982948886864511
-1.48957537464375,0.0353506734047036
0.890812807403068,-0.235146663353941
-0.1435245835853,0.240037022060225
-0.794714929465892,0.365725769719446
0.0664545103915838,0.402446285342119
0.165940480782627,0.158465544643847
0.0203417918155121,0.53216911205748
-1.85635504895639,-2.14886839952811
-2.18877758455783,0.635080964262973
0.108973773016627,0.172079286019098
-0.0825664131417032,0.183473900482776
1.34714995567796,0.0843539755368711
0.278870144636279,0.529542506110534
-0.456902317531386,-0.169306593551941
-1.1596125187978,-0.40447393083305
-0.111325803206428,0.872587864880301
-1.55311988659036,-0.751758953292877
0.758004029210109,0.0838815597878977
-1.73195058360552,-1.48192722551691
2.26230518328415,2.3143812286949
1.2171648813745,0.805855234791181
-0.90868412373374,-0.56537512187136
0.306706516367159,-0.347364147396394
-2.82214438854905,-0.241279577387229
0.826988670770752,0.798705504593515
-0.0902154704988775,2.00767832252295
-1.12451129769077,-1.82779632306074
1.34645445548541,1.41649973340577
-0.725641711144704,0.137594316199506
0.0569229284707085,-0.112581734594887
-0.5775933003213,0.275812431278021
-0.501365048810063,-1.42234075632113
-0.990320113447264,-1.65543918768698
0.326812996046748,1.22305510333635
-1.38379540982937,-0.945243919217576
-0.976898281873635,-0.949729529523883
0.797604256765496,-0.655269384171234
-1.56995649030115,-0.603542664088869
1.73832520747179,0.374122412792063
2.29300936847489,2.30461639474064
1.05559340285711,1.03234548661344
-0.674585684588933,-0.613461355085112
-0.598399211309475,-1.20920201661421
-2.16321388904252,-2.08459491187595
-0.286074262811002,-0.202382198765534
-0.172248637955718,-0.380922660702136
1.14207165875966,1.29321707196185
0.0870938638864512,-0.527883855284638
0.787134072369876,1.18924128532286
0.110367529061148,-0.115213669693529
1.52141275126204,2.07995635406068
-0.545422676857792,-1.7892388123933
-0.150394586427682,0.0232282789256188
-0.192685033687586,-0.452159227940154
1.09671861909554,0.869237102859783
-2.39219433720795,-1.73158827307156
2.49392081155881,1.60411564574871
0.125936080086889,-0.736105324033822
-2.73984977658036,0.0159682111492358
0.648858641002368,-0.0161101817952245
-1.49561356049815,-1.41387613108222
-0.504895776311295,-0.50463520365422
0.167739252910572,0.237651739160249
0.140593371384269,-1.97959537966307
-0.868679604979687,-0.856907839960731
0.537573908205653,0.319789839944043
0.0578848974702134,-0.0519673027374868
0.32973852669152,-1.81294358095906
1.3009695517866,0.480192724610612
-0.773970047635187,0.559863864092385
-0.751050914147438,-0.425425995966774
2.30969063879957,2.22590405297839
0.520720951072496,-1.05374402493223
-1.61583517434451,-1.4064704003978
0.179218490027358,-1.80863320268948
0.593204902736373,-1.31400401644552
-0.640624137687204,-0.460913618862029
-0.582618475223667,-1.5665542146523
-1.62750398625855,-0.821451540166543
1.48912023065909,0.0166171591432236
2.20137256173208,0.273873075280637
0.0576670488071494,-0.459989726029924
-0.482573932239005,0.466024692826987
0.566707750463471,0.782317251843148
-1.09379058064141,-1.63563022059542
0.861316178022458,0.746742326590406
-0.360768136377734,-0.801433943663963
0.630647510923807,0.536343740246517
1.04894406499302,1.11939447949935
-1.19050867772299,-0.767200729954964
0.267242287467115,-0.0412536043133292
-0.222313045205113,-0.23893567628593
1.56297543947029,1.30464728880167
0.0785749546620545,0.635165709079361
-0.702902750910503,-1.24130996280417
0.717270698351273,0.0325139936685799
-0.208390247993614,-0.93957986197173
0.0615309837305427,-0.582747084085633
0.15724625938394,0.276503292961301
0.699403854009382,-0.528311279554668
1.39906900513973,1.39235056108042
0.22708136469426,0.431964099295861
-0.942868019026737,0.393945641954589
1.20515237555143,0.89723409537638
0.311803032685962,0.317662392082777
0.34420016195693,0.0833371401624826
-0.881803942700618,-1.08643316555752
-0.142222883248973,0.371520810891072
0.903049504332604,1.02505290622894
-1.54037374768115,-0.815428960448983
-0.549738833325929,-0.302533852794638
-1.3377246978983,0.287251566852823
-0.0504694895462092,-0.114636559108107
0.523580954380294,-0.342297555851229
0.862648164587117,0.916533341840713
0.674091005309617,0.79683271067978
0.813554895140085,0.964418545663681
-0.572159973692998,-0.66414614178996
0.0752371100851236,-0.190451200454337
0.843347387105486,0.33658555648971
2.63454003797755,1.30971599307198
-2.11787634135002,-0.297797414805404
-0.850904480907147,1.34865123743147
-0.698905344985395,-0.939741006841123
-0.0331158808390702,-0.0736924953891592
-1.4791619454494,-0.493805157884555
-0.377526063393964,-0.68402371215797
0.451666922247897,-1.11745610707966
-0.456309467585905,0.533318214260164
-0.614294094841157,-1.23901285162945
-1.35402469514223,-0.33297507042657
-1.82449560699803,-1.73836971209101
1.84680066673585,0.386989294738032
0.156560810854386,-0.664285521785776
-0.780088603082482,1.42980025853398
0.0182068785796989,-0.276379602512925
-1.1429159203933,-1.6517203242803
0.100830866172265,1.14459293798545
1.249761714466,-0.00982954694260101
1.62767266080047,1.83199121273803
-0.859274649073682,-1.34956244622249
0.16635686200867,-0.752601982277173
-1.10917974324395,-1.65478934285305
0.437770090489416,0.212560425370306
0.314762129705741,0.220488360976286
-0.783798949549995,-1.54749274376073
-1.50958839147993,-0.554194009421254
-2.66112988089296,-1.84500442165807
1.0304686517672,0.659516534755841
-0.356973037048975,0.296369362494262
-0.752597634261439,-0.0158090905342395
-1.20466062854491,1.64904375120019
-1.42355057089524,-2.12058173811232
-1.12881539888724,-0.266847241854177
1.88021018392365,1.75684389726156
-0.607415861766105,-1.03339575153832
-0.0334558119939065,-0.294304114619626
-0.749046501518522,-0.523610039310654
0.465895567857487,-2.14058736054897
0.521408820999925,-0.215172873032222
0.776818343429703,0.359369546273206
0.959135507564952,1.17727327329571
1.50356828722602,1.66021247750883
0.559830871243682,0.651052533472421
-0.339340063405897,1.48968764892567
-0.350285993504629,0.337483767283739
-0.89427665449865,-0.114581865329784
-0.63643805512832,0.655735406800678
-2.00980413379102,-0.963808916923804
0.734303811032667,0.686577135730168
1.47346528403177,1.28511504597931
0.754865266871511,0.775481908482639
-0.763054954409815,0.0269528643929904
-2.70304697389407,-1.26104601717227
0.489349689221668,0.648949262164579
-0.670493601419342,-0.0788929083866272
-1.88691823979927,-1.27211824285829
0.529696767524254,0.599408901213399
0.403005396538676,0.692060276996699
0.824993604123336,-0.269180557670502
-0.331688973155417,0.411351002942415
-1.23344199237522,-0.974197207814696
0.106016604547134,0.26184224212983
-0.103825477364256,-1.33516630826116
-0.661864016913011,-1.53136086761044
1.13838279849144,0.455902046203361
0.900799580762993,1.04291776397255
0.220327370780423,0.785701178775515
-0.167621864653891,-0.808261022990681
-0.217412540068092,-0.74543094428509
1.50431646906852,1.66385349983254
-1.71375800576196,-0.712161639813796
