"","CID3963_CCGGGATGTTATCGGT","CID3963_CGGAGCTAGCAGCGTA","CID3963_AGGGTGAAGGCGACAT","CID3963_CACCACTTCCAATGGT","CID3963_CAGATCACATCGACGC","CID3963_CGGACTGCAGCTTCGG","CID3963_GTAGTCATCAGCACAT","CID3963_GTATCTTGTGTAATGA","CID3963_GTTTCTACAGACGCAA","CID3963_TACTTACGTCAGTGGA","CID3963_TCTCATAGTTGCGTTA","CID3963_TGACTTTAGTCGAGTG","CID3963_TTGAACGTCACTTATC","CID3963_AAACCTGGTGTCCTCT","CID3963_AACTTTCGTACCAGTT","CID3963_AAGGCAGTCATTGCGA","CID3963_ACACCAAGTGGTTTCA","CID3963_ACACCGGCAGGTCGTC","CID3963_ACGCAGCCAAGAGTCG","CID3963_ACGGGCTGTCGCTTCT","CID3963_ACTATCTCAAAGGTGC","CID3963_AGACGTTTCTTGCCGT","CID3963_AGATTGCGTGGTGTAG","CID3963_AGCGGTCGTCCTGCTT","CID3963_AGCGTCGGTGTTAAGA","CID3963_AGCTCCTGTAAGTAGT","CID3963_AGGTCCGAGTCATCCA","CID3963_AGTGAGGTCAGAGACG","CID3963_ATCACGAAGATCCCAT","CID3963_ATCACGAAGGCACATG","CID3963_ATCATGGCATAGACTC","CID3963_ATCCGAATCATCTGCC","CID3963_ATGCGATTCACCAGGC","CID3963_ATTCTACAGGTGATTA","CID3963_CACACTCGTCTTGCGG","CID3963_CACAGGCAGAAGGCCT","CID3963_CACCAGGTCGAACTGT","CID3963_CATCAAGTCGCATGGC","CID3963_CATGGCGGTGCTCTTC","CID3963_CATGGCGGTTTAGGAA","CID3963_CCTCAGTTCTTGCCGT","CID3963_CCTCTGATCGGAAACG","CID3963_CGAACATTCTTGTACT","CID3963_CGACCTTCACTGCCAG","CID3963_CGACTTCAGAATAGGG","CID3963_CGAGAAGCAATCACAC","CID3963_CGATTGAAGGCGTACA","CID3963_CGCGGTACACGGTAGA","CID3963_CGCGTTTGTCTACCTC","CID3963_CGCTATCCACCCATTC","CID3963_CGGACGTAGTCCGGTC","CID3963_CGGAGTCCATCTGGTA","CID3963_CGGCTAGAGGAATCGC","CID3963_CGTTAGACAGCGAACA","CID3963_CGTTGGGAGTGGTAGC","CID3963_CTACCCAAGTAACCCT","CID3963_CTAGTGACAATGGAAT","CID3963_CTCACACCACTGCCAG","CID3963_CTCGAAACACTCGACG","CID3963_GAATGAAAGCGCTTAT","CID3963_GATTCAGCACATCCAA","CID3963_GCCAAATTCCGTACAA","CID3963_GCCTCTATCTCTGTCG","CID3963_GCGACCACACAAGCCC","CID3963_GCGCCAACAAGAGGCT","CID3963_GCTCCTACACAGGCCT","CID3963_GCTCCTAGTATAAACG","CID3963_GCTCTGTTCCAGAAGG","CID3963_GGAATAAAGAAACCTA","CID3963_GGGTTGCTCAACTCTT","CID3963_GGTGAAGAGTTTGCGT","CID3963_GTAACTGGTGCACCAC","CID3963_GTAGTCAAGTTTAGGA","CID3963_GTCATTTTCCGAACGC","CID3963_GTCTCGTCATAAGACA","CID3963_GTGGGTCGTAACGTTC","CID3963_TACCTTAGTGTCGCTG","CID3963_TACCTTATCCTAGTGA","CID3963_TAGCCGGGTGTCAATC","CID3963_TAGTGGTCAGACTCGC","CID3963_TCAACGAAGCGTAATA","CID3963_TCAACGATCCTTTACA","CID3963_TCAGATGGTGGTTTCA","CID3963_TCCCGATCATCTCGCT","CID3963_TCGCGAGAGGGTTTCT","CID3963_TCGTACCAGAGACTTA","CID3963_TCTTCGGGTGAAGGCT","CID3963_TGACTAGCACGGTAAG","CID3963_TGACTTTCATTAACCG","CID3963_TGAGAGGGTGCCTGTG","CID3963_TGATTTCAGTGTTAGA","CID3963_TGTATTCCACATGGGA","CID3963_TGTATTCCATTTCACT","CID3963_TTCCCAGCAGATCTGT","CID3963_TTCTACAAGTTCGCGC","CID3963_CTCTACGGTCCCTTGT","CID3963_CTGATCCCATACTCTT","CID3963_GAACCTACACAGATTC","CID3963_GCATGCGGTTCGAATC","CID3963_GCGAGAATCAAACGGG"
"Patient_number",7,7,7,7,7,7,7,7,7,7,7,7,7,7,7,7,7,7,7,7,7,7,7,7,7,7,7,7,7,7,7,7,7,7,7,7,7,7,7,7,7,7,7,7,7,7,7,7,7,7,7,7,7,7,7,7,7,7,7,7,7,7,7,7,7,7,7,7,7,7,7,7,7,7,7,7,7,7,7,7,7,7,7,7,7,7,7,7,7,7,7,7,7,7,7,7,7,7,7,7
"subtype",3,3,3,3,3,3,3,3,3,3,3,3,3,3,3,3,3,3,3,3,3,3,3,3,3,3,3,3,3,3,3,3,3,3,3,3,3,3,3,3,3,3,3,3,3,3,3,3,3,3,3,3,3,3,3,3,3,3,3,3,3,3,3,3,3,3,3,3,3,3,3,3,3,3,3,3,3,3,3,3,3,3,3,3,3,3,3,3,3,3,3,3,3,3,3,3,3,3,3,3
"celltype",2,2,2,2,2,2,2,2,2,2,2,2,2,2,2,2,2,2,2,2,2,2,2,2,2,2,2,2,2,2,2,2,2,2,2,2,2,2,2,2,2,2,2,2,2,2,2,2,2,2,2,2,2,2,2,2,2,2,2,2,2,2,2,2,2,2,2,2,2,2,2,2,2,2,2,2,2,2,2,2,2,2,2,2,2,2,2,2,2,2,2,2,2,2,2,2,2,2,2,2
"S100A8",0,0,0,0,0,0,0,2.31656371763325,0,0,0,0,1.64256384034015,0,0,0,0,0,0,0,0,0,0,0,0,0,0,0,0,0,0,0,0,0,0.612182187665952,0,0.603909412760739,0,0,0,0,0,0,0,0,0.803548010865088,0,0,0,0.432484521945466,0,0,0,0,0,0,0,0,0,0,0,0,0.300553787347455,0,0,0,0,0,0,0,0,0,0,0,0,0,0,0,0,0.206081946113392,0,0,0,0,0,0,0,2.29984468830504,0,0,0,0,0,0,0,0,0,0,0,0
"KRT81",0,0,0,0,0,0,0,0,0,0,0,0,0,0,0,0,0,0,0,0,0,0,0,0,0,0,0,0,0,0,0,0,0,0,0,0,0,0,0,0,0,0,0,0,0,0,0,0,0,0,0,0,0,0,0,0,0,0,0,0,0,0,0,0,0,0,0,0,1.50739156298355,0,0.496929309718429,0,0,0,0,0,0,0,0,0,0,0,0,0,0,0,0,0,0,0,0,0,0,0,0,0,0,0,0,0
"S100A9",0,1.08351022882783,0.480120725401532,0.717883332488756,0,0,0,2.68860582772415,0,0.177550137254255,0.45901406515329,0,0,0,0,0,0,0.546604957420842,0,2.23210549767462,1.08610389648411,0,0,0,0,0,0,0,0.395281075638531,0,0,0,0.226947577586378,0,1.47654809743715,0,0,0,0,0,0,0,0.500816655036859,0,0,0.600099877215848,0,0,0,0.239442645325423,0,0,0.566280183702262,0,0,0,0,0,0,0,0,0.533168875502092,0,0,0,1.10891749200967,0,1.02066620541045,0,0,0,0,0.981454683015227,0,0,2.42093776694553,0,0,0,0.649934621896906,0,0,1.11075818697022,0,0,0.31257872174799,0,1.7022571258035,0,0,0,0,0,0,0.395281075638531,0,2.02081916795289,0,0,0
"SCGB1B2P",0,0,0,0,0,0,0,0,0,0,0,0,0,0,0,0,0,0,0,0,0,0,0,0,0,0,0,0,0,0,0,0,0,0,0,0,0,0,0,0,0,0,0,0,0,0,0,0,0,0,0,0,0,0,0,0,0,0,0,0,0,0,0,0,0,0,0,0,0,0,0,0,0,0,0,0,0,0,0,0,0,0,0,0,0,0,0,0,0,0,0,0,0,0,0,0,0,0,0,0
"S100A2",0,0,0,0,0,0,0,0,0,0.177550137254255,0,0,0,0,0.396663095290074,0,0,0,0.411556497501566,0,0,0,0,0,0,0,1.60053766296384,0,0,0,0,0,0,0,0,0,0,0,0,0,0,0,0,0,0,0,0,0.520364257966846,0,0.594222815734344,0,0.470852688381487,0,0,0,0,0,0,0,0,0,0,0,0,0,0,0,0,0,0,0,0,0,0,0.191253153869074,0,0,0,0,0,0,0,0,0,0,0,0,0,0,0,0,0.578138939063025,0,0,0,0,0,0,0,0
"ACTG2",0,0,0,0,0,0,0,0,0,0,0,0,0,0,0,0,0,0,0,0,0,0,0,0,0,0,0,0,0,0,0,0,0,0,0,0,0,0,0,0,0,0,0,0,0,0,0,0,0,0,0,0,0,0,0,0,0,0,0,0,0,0,0,0,0,0,0,0,0,0,0,0,0,0,0,0,0,0,0,0,0,0,0,0,0,0,0,0,0,0,0,0,0,0,0,0,0,0,0,0
"MUCL1",0,0,0,0,0,0,0,0,0,0,0,0,0,0,0,0,0,0,0,0,0,0,0,0,0,0,0,0,0,0,0,0,0,0,0,0,0,0,0,0,0,0,0,0,0,0,0,0,0,0,0,0,0,0,0,0,0,0,0,0,0,0,0,0,0,0,0,0,0,0,0,0,0,0,0,0,0,0,0,0,0,0,0,0,0,0,0,0,0,0,0,0,0,0,0,0,0,0,0,0
"MMP7",0,0,2.82242501899192,0,0,1.52714324178637,1.86726723796502,0,2.1539745935424,1.41308403078923,0.45901406515329,0,3.75382496307517,0,2.22748794177822,0,2.62062165206942,2.83335025299487,0.411556497501566,0,2.28566153603654,0,3.5262890103005,2.77648794874513,0,0,1.60053766296384,0,4.10479940732066,0,0.525455077190303,2.70779637125643,2.09597836123163,0,2.04841717522804,2.04543164512683,2.22921424918504,2.56948440769228,1.840497629488,0,0,0,0,2.61126808745958,0,1.9104466269203,0,3.34306030547418,0,1.67309848152859,1.93451159079997,2.10612106418102,1.18939859188345,2.15734930541292,0,1.87192558472051,1.37276625417616,0,0.531139342583406,0,2.52210237515815,0,0,1.5450051082481,1.99954516216742,1.39788027982805,0,1.2139401238942,2.08316920743694,3.9324986863748,2.67531987988464,0.808208398023333,2.87262351984196,0,0.906386431239243,3.60814206075772,0,3.02817787893646,0,1.04057037784677,0,0,2.21338654529322,2.10596262976118,0,1.61669173932105,0,0,0,0.991953424685116,2.83354804758523,0,1.02800858898927,2.80368922982464,0,0,0,0,0,0
"TNFRSF11B",0,0,0,0,0,0,0,0,0,0,0,0,0,0,0,0,0,0,0,0,0,0,0,0,0,0,0,0,0,0,0,0,0,0,0,0,0,0,0,0,0,0,0,0,0,0,0,0,0,0,0,0,0,0,0,0,0,0,0,0,0,0,0,0,0,0,0,0,0,0,0,0,0,0,0,0,0,0,0,0,0,0,0,0,0,0,0,0,0,0,0,0,0,0,0,0,0,0,0,0
"SCGB3A1",0,0,0,0,0,0,0,0,0,0,0,0,0,0,0,0,0,0,0,0,0,0,0,0,0,0,0,0,0,0,0,0,0,0,0,0,0,0,0,0,0,0,0,0,0,0,0,0,0,0,0,0,0,0,0,0,0,0,0,0,0,0,0,0,0,0,0,0,0,0,0,0,0,0,0,0,0,0,0,0,0,0,0,0,0,0,0,0,0,0,0,0,0,0,0,0,0,0,0,0
"IGKV4-1",0,0,0,0,0,0,0,0,0,0,0,0,0,0,0,0,0,0,0,0,0,0,0,0,0,0,0,0,0,0,0,0,0,0,0,0,0,0,0,0,0,0,0,0,0,0,0,0,0,0,0,0,0,0,0,0,0,0,0,0,0,0,0,0,0,0,0,0,0,0,0,0,0,0,0,0,0,0,0,0,0,0,0,0,0,0,0,0,0,0,0,0,0,0,0,0,0,0,0,0
"SCGB2A1",0,0,0,0,0,0,0,0,0,0,0,0,0,0,0.396663095290074,0,0,0,0,0,0,0,0,0,0,0,0,0,0.395281075638531,0,0,0,0,0,0,0,0,0,0,0,0,0,0,0,0,0,0,0,0,0,0,0,0,0,0.658089113720663,0,0,0,0,0,0,0,0,0,0,0,0,0,0,0,0,0,0,0,0.191253153869074,0,0,0,0,0,0,0,0,0,0,0,0,0,0,0,0,0,0,0,0,0,0,0,0,0
"PTN",0,0,0,0,0,0,0,0,0,0,0,0,0,0,0,0,0,0,0,0,0,0,0,0,0,0,0,0,0,0,0,0,0,0,0,0,0,0,0,0,0,0,0,0,0,0,0,0,0,0,0,0,0,0,0,0,0,0,0,0,0,0,0,0,0,0,0,0,0,0,0,0,0,0,0,0,0,0,0,0,0,0,0,0,0,0,0,0,0,0,0,0,0,0,0,0,0,0,0,0
"PI3",0,0,0,0.717883332488756,0,0.244754656019675,0,0,0,0,0,0,0,0,0,0,0.992968527009239,0,0,0,0,0,0,0,0,0,0,0,1.07813944118776,0,0,0,0,0,0,0,0,0,0,0,0,0,0,0,0,0,0,0,0,0.432484521945466,0,0,0.322699845951825,0,0,0.377340070109183,0,0,0,0,0,0,0,0,0,0,0,0,1.50739156298355,0,0,0,0,0,0,0,0,0.277379845597933,2.06012749750663,0,0,0,0,0,0,0,0,0,0,0,0,0,0,0,0,0,0,0,0,0
"C6orf15",0,0,0,0,0,0,0,0,0,0,0,0,0,0,0,0,0,0,0,0,0,0,0,0,0,0,0,0,0,0,0,0,0,0,0,0,0,0,0,0,0,0,0,0,0,0,0,0,0,0,0,0,0,0,0,0,0,0,0,0,0,0,0,0,0,0,0,0,0,0,0,0,0,0,0,0,0,0,0,0,0,0,0,0,0,0,0,0,0,0,0,0,0,0,0,0,0,0,0,0
"LY6D",0,0,0,0,0,0,0,0,0,0,0,0,0,0,0,0,0,0,0,0,0,0,0,0,0,0,0,0,0,0,0,0,0,0,0,0,0,0,0,0,0,0,0,0,0,0,0,0,0,0,0,0,0,0,0,0,0,0,0,0,0,0,0,0,0,0,0,0,0,0,0,0,0,0,0,0,0,0,0,0,0,0,0,0,0,0,0,0,0,0,0,0,0,0,0,0,0,0,0,0
"IGHG1",0,0,0,0,0,0,0,0,0,0,0,0,0,0,0,0,0,0,0,0,0,0,0,0,0,0,0,0,0,0,0,0,0,0,0,0,0,0,0,0,0,0,0,0,0,0,0,0,0,0,0,0,0,0,0,0,0,0,0,0,0,0,0,0,0,0,0,0,0,0,0,0,0,0,0,0,0,0,0,0,0,0,0,0,0,0,0,0,0,0,0,0,0,0,0,0,0,0,0,0
"IGKV1-5",0,0,0,0,0,0,0,0,0,0,0,0,0,0,0,0,0,0,0,0,0,0,0,0,0,0,0,0,0,0,0,0,0,0,0,0,0,0,0,0,0,0,0,0,0,0,0,0,0,0,0,0,0,0,0,0,0,0,0,0,0,0,0,0,0,0,0,0,0,0,0,0,0,0,0,0,0,0,0,0,0,0,0,0,0,0,0,0,0,0,0,0,0,0,0,0,0,0,0,0
"SCGB1D2",0,0,0,0,0,0,0,0,0,0,0,0,0,0,0,0,0,0,0,0,0,0,0,0,0,0,0,0,0,0,0,0,0,0,0,0,0,0,0,0,0,0,0,0,0,0,0,0,0,0,0,0,0,0,0,0,0,0,0,0,0,0,0,0,0,0,0,0,0,0,0,0,0,0,0,0,0,0,0,0,0,0,0,0,0,0,0,0,0,0,0,0,0,0,0,0,0,0,0,0
"LTF",0,0,0,0,0,0,2.47999286932222,0,0,0,0,0,0,0.642626953128611,0,0,0,0,0,0,0,0.926091608348749,0,0,1.19840175927648,1.90358930673441,0,0,3.76532481185207,0,0.868132150891884,0,0,0,0,0,0,0,0,0.242884723647963,0,0,0,1.98899061368233,0,0,0,0,0,0.855565328527304,0,1.22537306237912,2.19698757540947,0,0,0,0,0.995650612617781,0,0,0,0,1.01270312098682,0,0,0,0.278729909244401,1.63739674790891,0,0,0,0.808208398023333,0,0,0.489988697065623,0,0,0,0,0.376865201526612,0.474242206587482,0,0,0,0.446708256257748,0,0,0,0,0,0,0,0,0,0,0,0,0,0,0
