"","AAACGCTAGTAAGCAT.1","AAAGAACAGAACCGCA.1","AAAGAACGTTTATGCG.1","AAAGGATTCGGTCTAA.1","AAAGGGCTCGGTATGT.1","AAAGTCCCAGACATCT.1","AAAGTGACAACCGTGC.1","AAAGTGAGTCGCGTCA.1","AAAGTGATCAAATGCC.1","AAATGGAAGTAACCTC.1","AACAACCAGAGGATCC.1","AACCACATCCGTCAAA.1","AACCATGGTCAGTTTG.1","AAGAACATCGGCATAT.1","AAGACAACACATATGC.1","AAGCCATCAAACTGCT.1","AAGCCATCAATTTCTC.1","AAGGTAAGTAACTAAG.1","AAGTACCAGTTCTCTT.1","AAGTGAAGTAGCTAAA.1","AAGTGAAGTGATTAGA.1","AAGTTCGTCCCGTGAG.1","AATCGACCAACTGCCG.1","AATCGACCAGTCTCTC.1","AATGAAGGTTCAGCTA.1","AATGACCAGAGGCTGT.1","AATGCCAAGTGTAGAT.1","AATGCCACAACCTATG.1","ACAAAGACATAGCTGT.1","ACAAAGATCGGCCAAC.1","ACACAGTGTAGGCTGA.1","ACACAGTGTCGCATCG.1","ACACCAATCATGCATG.1","ACAGAAAAGAATTTGG.1","ACAGGGACAAACGAGC.1","ACATTTCCAAGAGAGA.1","ACATTTCGTCAAATCC.1","ACCACAAGTGTGCTTA.1","ACCCTTGCACGACAGA.1","ACCGTTCCAGACCTAT.1","ACCTACCAGGTCATAA.1","ACCTGTCAGAGGCGTT.1","ACGCACGGTCTCGGAC.1","ACGGAAGTCGCCAGTG.1","ACGGGTCAGATGCAGC.1","ACTATGGCACAAGCAG.1","ACTATGGTCTCACGAA.1","ACTATTCTCGCACGAC.1","ACTCCCAGTGTCCATA.1","ACTCTCGGTGAAAGTT.1","ACTCTCGGTTTAGACC.1","ACTGATGAGGATGGCT.1","ACTGTCCTCCTATGGA.1","ACTTAGGGTTTACGAC.1","ACTTCCGAGTTGTAAG.1","ACTTCCGCATGTCGTA.1","ACTTCCGTCCCTTGTG.1","ACTTTGTAGTTACGAA.1","AGAAATGTCTATGCCC.1","AGAAGCGAGGCCCGTT.1","AGACCATTCACATACG.1","AGAGAATGTGCCTAAT.1","AGAGAATGTGTCATTG.1","AGAGCCCCAACATCGT.1","AGATAGATCACATCAG.1","AGATCCATCGAGTCCG.1","AGATCGTCAAGAGTAT.1","AGCGATTAGACTCGAG.1","AGCGATTCAGTCTTCC.1","AGCGCTGTCACTTATC.1","AGCGTATGTCGCCACA.1","AGCTACAAGTGTCATC.1","AGCTTCCTCAAGCTTG.1","AGGAAATTCAAGGAGC.1","AGGAATATCGCATAGT.1","AGGAGGTTCACGGTCA.1","AGGAGGTTCACGGTCG.1","AGGCTGCCATAGGTAA.1","AGGGAGTTCAGGACGA.1","AGGGCCTAGAGCCATG.1","AGGGCCTTCCTGTAAG.1","AGGGCTCAGGCACCAA.1","AGGGCTCTCGTCGCTT.1","AGGGTGACACACCGAC.1","AGGGTTTAGGATTACA.1","AGGTAGGAGAAGCGCT.1","AGGTAGGAGCAGCACA.1","AGGTAGGAGCGCACAA.1","AGGTCATCAGTCAGCC.1","AGGTCTATCCGTAGTA.1","AGGTGTTGTGGGATTG.1","AGGTTACCAAGAATGT.1","AGTAACCTCCCTTCCC.1","AGTCAACGTTGCATAC.1","AGTCACACAGCTTTCC.1","AGTCATGGTGATGGCA.1","AGTGACTCATTGACCA.1","AGTGTTGTCGCCCAGA.1","ATACTTCTCAGAGCGA.1","ATAGAGAGTGGCGCTT.1","ATCACTTGTGCCTTCT.1","ATCCACCAGCTTTCTT.1","ATCCATTGTCAAATCC.1","ATCGCCTGTAGCACAG.1","ATCGGATGTCACTTAG.1","ATCGTGACACTACACA.1","ATCGTGATCCAACTAG.1","ATGAAAGCACTACACA.1","ATGAAAGCAGAGGTTG.1","ATGACCACATCACCAA.1","ATGAGTCAGATGAAGG.1","ATGCCTCTCCGGTTCT.1","ATGCGATGTACGCTAT.1","ATGGATCTCGCCGAGT.1","ATGGTTGTCTGAGCAT.1","ATGTCCCAGACCAGCA.1","ATGTCTTCACCATAAC.1","ATTACTCGTTACACAC.1","ATTATCCTCAAGAATG.1","ATTCGTTCACTTGACA.1","ATTTACCTCCGTTGGG.1","CAACCAACAAGTCCAT.1","CAACCAATCGACCTAA.1","CAAGAGGGTAGATCGG.1","CAAGAGGTCGCTTGAA.1","CAAGGGATCCTACAAG.1","CAAGGGATCTTGCAAG.1","CAATGACTCTTTGCTA.1","CACAACAAGACCATGG.1","CACACAACATTCTCTA.1","CACAGGCTCTACGCGG.1","CACATGAGTCGAGTGA.1","CACGAATAGGCTCACC.1","CACGAATGTAACTGCT.1","CAGCACGTCTTTCCAA.1","CAGCCAGTCGAGCACC.1","CAGGGCTGTCATCCGG.1","CAGGGCTTCTTTCCAA.1","CAGGTATAGAGCAACC.1","CATAAGCCATGCGGTC.1","CATACAGGTATTGCCA.1","CATCCCACACACGCCA.1","CATCCCATCAGCCTCT.1","CATCGTCTCTGTGCTC.1","CATGCAACAAGAATGT.1","CATGCGGTCGTCGACG.1","CATGCTCGTCTCACGG.1","CATGGTATCTCACTCG.1","CATTTCATCCGACGGT.1","CCAAGCGAGCGAATGC.1","CCAATTTCACACTTAG.1","CCAATTTGTCTTACTT.1","CCAATTTTCATTGTGG.1","CCACCATCAGCGGTCT.1","CCCGAAGCAGTTCCAA.1","CCCGGAACAAGTGGAC.1","CCCTCAAAGAATGTTG.1","CCGATGGCATTGACAC.1","CCGGGTACATCAGTGT.1","CCGGTAGTCCAAACCA.1","CCGTGAGCACCTGCAG.1","CCTCCAAAGGGCAATC.1","CCTCCAAGTGGTCTAT.1","CCTCCTCCACTCACTC.1","CCTCTCCGTTTACTTC.1","CGAAGGACAATCTCGA.1","CGAAGGATCTCAGGCG.1","CGAAGTTGTTCAACGT.1","CGAAGTTTCCCAAGCG.1","CGAGTGCAGGCTTCCG.1","CGAGTTATCCGGCAGT.1","CGATCGGGTCGGATTT.1","CGCAGGTTCAAATGCC.1","CGCATGGGTGAGCCAA.1","CGCGTGAGTCACCACG.1","CGGAACCAGCGCAATG.1","CGGAATTCAGAAGTGC.1","CGGAGAACAAGCGCAA.1","CGGGACTGTAGTGCGA.1","CGGGTCATCTGTCAGA.1","CGGTCAGGTCATCCCT.1","CGTAAGTCAGTAGAGC.1","CGTAGTAAGTCCGTCG.1","CGTCAAACACAAAGCG.1","CGTGATACATGTGACT.1","CGTTCTGCATGTTCGA.1","CTAACTTGTGGCGCTT.1","CTACATTCAATCAGCT.1","CTACGGGAGCTAGAGC.1","CTACTATAGAGGCTGT.1","CTATAGGTCTACCACC.1","CTATCTAAGTGAATAC.1","CTCAACCTCCGTGACG.1","CTCAAGACAAACTAAG.1","CTCAGAAAGTGTAGAT.1","CTCAGTCAGTGGGAAA.1","CTCATCGGTTCGAGCC.1","CTCATGCAGGCTTCCG.1","CTCATTAAGCAAGTCG.1","CTCATTACATAATGCC.1","CTCATTATCTTCCACG.1","CTCCATGGTTGCTCGG.1","CTCCCAAGTAGTGATA.1","CTCCCAATCATTGCTT.1","CTCCTCCGTGAACCGA.1","CTCTCAGGTTTGGAAA.1","CTCTCAGTCTAGCCTC.1","CTGAATGAGTCTTCGA.1","CTGAGCGGTGCCTGCA.1","CTGAGGCAGGGCAAGG.1","CTGAGGCTCCTAAGTG.1","CTGATCCTCGGTTCAA.1","CTGCATCTCCGTGCGA.1","CTGCCTACATGCACTA.1","CTGCCTAGTTGGAGGT.1","CTGCGAGTCGGCCTTT.1","CTGGCAGGTATTGAGA.1","CTGGTCTAGCGCCGTT.1","CTGTAGACACCCGTAG.1","CTGTGAAAGGACTTCT.1","CTTACCGTCAGTGTTG.1","CTTAGGAAGACTACCT.1","CTTCAATAGTCAGAGC.1","CTTGATTTCCAAGGGA.1","CTTTCAATCAAGCCCG.1","GAAATGACAAAGGTTA.1","GAACACTAGACGGATC.1","GAAGCCCAGTCAGCCC.1","GAAGCCCTCGCCAATA.1","GAAGCGAAGCCGATAG.1","GAAGGACCACTCCGGA.1","GAAGTAAGTTACGATC.1","GAATCGTAGCATTGTC.1","GACACGCAGCCTGTCG.1","GACACGCGTATAGGAT.1","GACCGTGGTTGGAGGT.1","GACCTTCGTATGGGAC.1","GACTGATTCCATCTCG.1","GAGAAATGTCGAGCAA.1","GAGACTTTCATCGTAG.1","GAGATGGGTCCGGCAT.1","GAGCCTGAGGGTACGT.1","GAGGGATCAAGGCTTT.1","GAGTCTATCACTGGGC.1","GAGTGAGAGCTGGAGT.1","GAGTGTTCACAAACGG.1","GAGTTTGGTCGGAAAC.1","GAGTTTGTCGGTAAGG.1","GATCACAAGGCGTTGA.1","GATCGTATCAGCTGAT.1","GATGCTAGTGTCATCA.1","GATGGAGCAAGCGCTC.1","GATTCTTAGTGCGTCC.1","GATTCTTTCCGCAGTG.1","GCAACATAGAGGCGGA.1","GCAACCGAGCATGCAG.1","GCAGCCACACACGGTC.1","GCAGGCTAGATGCGAC.1","GCAGGCTGTACCGTGC.1","GCAGGCTTCCAATCTT.1","GCAGGCTTCTAGCAAC.1","GCATCTCAGTGATAAC.1","GCATTAGGTGTCTCCT.1","GCCATGGTCAGTGATC.1","GCCGATGGTTGTGGAG.1","GCCGTGATCTTGAACG.1","GCCTGTTAGTATCTGC.1","GCGAGAACACAGAAGC.1","GCGATCGGTGGGACAT.1","GCGTGCAAGTGTGTTC.1","GCGTGCAGTTAAAGTG.1","GCGTTTCCACATAGCT.1","GCTTCACTCCAGTGCG.1","GCTTGGGTCCCGAAAT.1","GGAAGTGGTCCGGATC.1","GGAGGATCAAATGGCG.1","GGATCTAAGTGATCGG.1","GGATGTTAGGTAAGGA.1","GGGAAGTAGTATAGGT.1","GGGACAAAGGTAGGCT.1","GGGACTCAGAACTTCC.1","GGGAGTAGTCGTCGGT.1","GGGATCCCAGAGTTGG.1","GGGATCCCAGCGTTGC.1","GGGATCCGTCACTAGT.1","GGGATGAGTCGGAACA.1","GGGATGAGTCTCACGG.1","GGGTCACTCAACTGGT.1","GGGTGAAAGTCACTGT.1","GGGTGTCCACTGAGTT.1","GGGTTTATCCACACAA.1","GGTAACTTCCAACCAA.1","GGTAATCAGAAGTCAT.1","GGTAATCAGAGGTATT.1","GGTAATCGTGCCTAAT.1","GGTGAAGAGATGCAGC.1","GGTGAAGCAGTTTCGA.1","GGTGTCGAGGTGAGCT.1","GGTTGTAGTCGCTTAA.1","GTAATCGGTGTATTCG.1","GTACAGTCATCTATCT.1","GTAGATCAGTACTCGT.1","GTATTGGCACGCCACA.1","GTCATCCAGTTCACTG.1","GTCATCCCAGTTGTTG.1","GTCATGATCGGCCCAA.1","GTCGTAATCGCGATCG.1","GTGAGCCCAGCCCAGT.1","GTGAGGACAGATCATC.1","GTGGGAAAGGCTTAGG.1","GTGGGAACAGAACATA.1","GTGGTTATCCCAGTGG.1","GTGTCCTGTGCACGCT.1","GTTACAGAGCTAGTTC.1","GTTAGACTCGAGCACC.1","GTTATGGTCGAATGCT.1","GTTTACTCATTCTTCA.1","TAACTTCTCACTAGCA.1","TAAGTCGCAAGAGGTC.1","TAATCTCCAATGTGGG.1","TACAGGTTCAAGCCTA.1","TACCCACGTGTGACCC.1","TACCCGTCACAACGTT.1","TACCCGTCATGAAGGC.1","TACGCTCCATGGCTAT.1","TAGACTGCACTCCGAG.1","TAGACTGTCCTACGAA.1","TAGAGTCCATGCCGAC.1","TAGCACAGTCGCCTAG.1","TAGCACATCACCCTCA.1","TAGGTTGTCTCGCTCA.1","TATCAGGTCCGCAACG.1","TATCGCCCAGCTGTCG.1","TATCTGTTCCTAGAGT.1","TATTGGGAGGTTCCGC.1","TATTTCGGTCAACACT.1","TCACAAGTCGAAATCC.1","TCACATTTCTTAGTTC.1","TCAGCAATCTCCCAAC.1","TCAGCCTCAGGCTCTG.1","TCAGTTTCACGACGCT.1","TCATACTAGTTGCCCG.1","TCATATCTCCCATAGA.1","TCATATCTCTTGAGCA.1","TCATCCGAGAGCCGAT.1","TCATGAGGTATGAAGT.1","TCATGGACAGTGCGCT.1","TCATTCAAGCTCCCTT.1","TCATTTGAGCTTTGTG.1","TCCAGAAAGGCTTAAA.1","TCCCATGGTTTGACAC.1","TCCTCGAAGGATGTTA.1","TCGACGGGTCTACGTA.1","TCGGGCATCATACGGT.1","TCGGGTGAGCAGGGAG.1","TCGGGTGGTTCTCTCG.1","TCGTCCAAGGCCATAG.1","TCTACATAGATCCGAG.1","TCTATACAGTCGCGAA.1","TCTCACGCAATGTGGG.1","TCTCAGCCACCCTAGG.1","TCTCTGGCACGCGCAT.1","TCTGGCTCAATGTCTG.1","TCTGTCGCAGCTATAC.1","TCTTAGTGTAACAAGT.1","TCTTAGTTCACCATGA.1","TCTTTGACACAATGAA.1","TCTTTGAGTGGAACCA.1","TGACAGTGTTCAACGT.1","TGACTCCTCCACAGGC.1","TGAGCATTCCTAGCCT.1","TGAGCGCAGGGATCGT.1","TGATTCTAGACCGCCT.1","TGCTTCGCAGTGAGCA.1","TGCTTGCAGACCTTTG.1","TGCTTGCGTAAGTTAG.1","TGGAACTCACAGTCAT.1","TGGGAAGGTGGCACTC.1","TGGGAGAGTAGCGCTC.1","TGGGATTTCGGCACTG.1","TGTAACGTCTGAGGTT.1","TGTAACGTCTGGCCGA.1","TGTACAGGTTAGAGTA.1","TGTCAGATCTTGGTGA.1","TGTGATGGTGGTGATG.1","TGTTCATGTCGGATTT.1","TGTTCTAAGAGCTGCA.1","TGTTGAGAGACCAAGC.1","TGTTTGTCAGAGCGTA.1","TTAATCCAGGCACTAG.1","TTAATCCGTCTGTGGC.1","TTACCATTCAAGGACG.1","TTACGCCCAGGACTTT.1","TTAGTCTTCTGTCCGT.1","TTCACCGCACCCTCTA.1","TTCAGGACAAGGACAC.1","TTCCACGTCTAGGAAA.1","TTCCGTGTCTTCCTAA.1","TTCCTAAAGCTGACTT.1","TTCCTCTTCTCTATAC.1","TTCCTTCTCTGCGAGC.1","TTCGGTCTCCTAACAG.1","TTCTCTCAGACATCAA.1","TTCTTCCGTTGGTGTT.1","TTCTTGACAAACTAAG.1","TTCTTGAGTTCACCGG.1","TTGAACGTCGCCTAGG.1","TTGCTGCTCAACACCA.1","TTGGGATTCGAGAGCA.1","TTGGGTACACGGTCTG.1","TTGGGTATCATAAGGA.1","TTGGTTTAGGTAATCA.1","TTGTGGAGTAGCTTGT.1","TTGTTCACACTATCCC.1","TTGTTTGAGAGATCGC.1","TTTACTGCAGATTTCG.1","TTTCATGCACTGATTG.1","TTTGACTTCACAACCA.1","TTTGGAGAGCTAAGTA.1","TTTGGAGAGCTTTCCC.1","TTTGGTTAGAGGGTCT.1","TTTGTTGGTTGCATCA.1"
"Patient_number",34,34,34,34,34,34,34,34,34,34,34,34,34,34,34,34,34,34,34,34,34,34,34,34,34,34,34,34,34,34,34,34,34,34,34,34,34,34,34,34,34,34,34,34,34,34,34,34,34,34,34,34,34,34,34,34,34,34,34,34,34,34,34,34,34,34,34,34,34,34,34,34,34,34,34,34,34,34,34,34,34,34,34,34,34,34,34,34,34,34,34,34,34,34,34,34,34,34,34,34,34,34,34,34,34,34,34,34,34,34,34,34,34,34,34,34,34,34,34,34,34,34,34,34,34,34,34,34,34,34,34,34,34,34,34,34,34,34,34,34,34,34,34,34,34,34,34,34,34,34,34,34,34,34,34,34,34,34,34,34,34,34,34,34,34,34,34,34,34,34,34,34,34,34,34,34,34,34,34,34,34,34,34,34,34,34,34,34,34,34,34,34,34,34,34,34,34,34,34,34,34,34,34,34,34,34,34,34,34,34,34,34,34,34,34,34,34,34,34,34,34,34,34,34,34,34,34,34,34,34,34,34,34,34,34,34,34,34,34,34,34,34,34,34,34,34,34,34,34,34,34,34,34,34,34,34,34,34,34,34,34,34,34,34,34,34,34,34,34,34,34,34,34,34,34,34,34,34,34,34,34,34,34,34,34,34,34,34,34,34,34,34,34,34,34,34,34,34,34,34,34,34,34,34,34,34,34,34,34,34,34,34,34,34,34,34,34,34,34,34,34,34,34,34,34,34,34,34,34,34,34,34,34,34,34,34,34,34,34,34,34,34,34,34,34,34,34,34,34,34,34,34,34,34,34,34,34,34,34,34,34,34,34,34,34,34,34,34,34,34,34,34,34,34,34,34,34,34,34,34,34,34,34,34,34,34,34,34,34,34,34,34,34,34,34,34,34,34,34,34,34,34,34,34,34,34,34,34,34,34,34,34,34,34,34,34,34,34,34,34,34,34
"subtype",4,4,4,4,4,4,4,4,4,4,4,4,4,4,4,4,4,4,4,4,4,4,4,4,4,4,4,4,4,4,4,4,4,4,4,4,4,4,4,4,4,4,4,4,4,4,4,4,4,4,4,4,4,4,4,4,4,4,4,4,4,4,4,4,4,4,4,4,4,4,4,4,4,4,4,4,4,4,4,4,4,4,4,4,4,4,4,4,4,4,4,4,4,4,4,4,4,4,4,4,4,4,4,4,4,4,4,4,4,4,4,4,4,4,4,4,4,4,4,4,4,4,4,4,4,4,4,4,4,4,4,4,4,4,4,4,4,4,4,4,4,4,4,4,4,4,4,4,4,4,4,4,4,4,4,4,4,4,4,4,4,4,4,4,4,4,4,4,4,4,4,4,4,4,4,4,4,4,4,4,4,4,4,4,4,4,4,4,4,4,4,4,4,4,4,4,4,4,4,4,4,4,4,4,4,4,4,4,4,4,4,4,4,4,4,4,4,4,4,4,4,4,4,4,4,4,4,4,4,4,4,4,4,4,4,4,4,4,4,4,4,4,4,4,4,4,4,4,4,4,4,4,4,4,4,4,4,4,4,4,4,4,4,4,4,4,4,4,4,4,4,4,4,4,4,4,4,4,4,4,4,4,4,4,4,4,4,4,4,4,4,4,4,4,4,4,4,4,4,4,4,4,4,4,4,4,4,4,4,4,4,4,4,4,4,4,4,4,4,4,4,4,4,4,4,4,4,4,4,4,4,4,4,4,4,4,4,4,4,4,4,4,4,4,4,4,4,4,4,4,4,4,4,4,4,4,4,4,4,4,4,4,4,4,4,4,4,4,4,4,4,4,4,4,4,4,4,4,4,4,4,4,4,4,4,4,4,4,4,4,4,4,4,4,4,4,4,4,4,4,4,4,4,4,4,4,4,4,4,4,4,4,4,4,4,4,4,4,4,4,4,4
"celltype",2,2,2,2,2,2,2,2,1,2,2,2,2,2,2,1,2,2,2,1,2,2,1,2,2,2,2,2,2,2,2,2,2,2,2,2,2,2,2,2,2,2,2,2,2,2,2,2,2,2,2,2,2,1,2,2,2,2,2,2,2,2,2,2,2,2,2,2,2,2,2,2,2,2,2,2,2,2,2,2,2,2,2,2,2,2,1,2,2,1,2,2,2,1,2,1,2,2,1,2,2,2,1,2,2,2,2,2,2,2,1,2,2,2,2,1,2,2,2,2,2,2,2,2,2,2,2,2,2,2,1,2,1,2,1,2,2,2,2,2,2,2,2,2,2,1,2,2,2,2,2,2,2,2,2,2,2,2,2,2,2,2,2,2,2,2,2,2,2,2,2,1,2,1,2,2,2,2,2,2,2,2,2,2,2,2,2,2,2,2,2,2,2,2,2,2,2,2,2,2,2,2,2,2,1,2,2,2,2,2,2,2,2,2,2,1,2,2,2,2,2,2,2,2,2,2,2,2,2,2,2,2,2,2,2,2,2,1,2,2,2,2,2,2,2,2,2,2,2,2,1,2,1,2,2,2,2,2,2,2,2,2,2,2,2,2,2,1,2,2,2,2,2,2,2,2,2,1,2,2,2,1,2,2,2,2,2,2,2,2,2,1,2,2,1,2,2,2,2,2,2,2,2,2,2,2,2,2,2,2,2,2,2,2,2,2,2,2,2,2,2,2,2,2,2,2,2,2,1,2,2,2,2,2,1,2,2,2,2,2,1,2,2,2,2,2,2,2,2,2,2,2,1,2,2,2,2,2,2,1,2,2,2,2,2,2,2,2,2,2,2,1,2,2,1,2,2,2,2,2,2,2,2,2,2,2,2,2,2,2,1,2,2,2,2,2,2,2,2,2,2,2,2,2,2,2,2,2,2,2,2,2,2,2,2,2,2,2,2,2,2,2
"S100A8",0,0,0,0,0,0,0,0,0,0,0,0,0,0,0,0,0,0,2.75541334761285,0,0,0,0,0,0,0,0,0,0,0.62097068142367,0,0,0,0,0,0,0,0,0,0,0,0,0,0,0,0,0,0,0,0,0,0,0,0,0,0,0,0,0,0,0,0,0,0,0,0,0,0,0,0,0,0,0,0,0,0,0,0,0,0,0,0,0,0,0,0,0,0,0,0,0,0,0,0,0,0,0,0,0,0,0,0,0,0,0,0,0,0,0,0,0,0,0,0,0,0,0,0,0,0,0,0,0,0,0,0,0,0,0.156515038599438,0,0,0,0,0,0,0,0,0,0,0,0,0,0,0,0,0,0,0,0,0,0,0,0,0,0,0,0,0,0,0,0,0,0,0,0,0,0,0,0,0,0,0,0.172863779749434,0,0,0,0,0,0,0,0,0,0,0,0,0,0,0,0,0,0,0,0,0,0,0,0,0,0,0,0,0,0,0,0,0,0,0,0,0,0,0,0,0,0,0,0,0,0,0,0,0,0,0,0,0,0,0,0,0,0,0,0,0,0,0,0,0,0,0,0,0,0,0,0,0,0,0,0,0,0,0,0,0,0,0,0,0,0,0,0,0,0,0,0,0,0,0,0,0,0,0,0,0,0,0,0,0,0,0,0,0,0,0,0,0,0,0,0,0,0,0,0,0,0,0,0,0,0,0,0,0,0,0,0,0,0,0.526219000838714,0,0,0,0,0,0,0,0,0,0,0,0,0,1.18841929448491,0,0,0,0,0,0,0,0,0,0,0,0,0,0,0,0,0,0,0,0,0,0,0,0,0,0,0,0,0,0,0,0,0,0,0,0,0,0,0,0,0,0,0,0,0,0,0,0,0,0,0,0,0,0,0,0,0,0,0,0,0,0,0,0,0,0,0,0,0,0,0,0,0,0,0,0,0,0,0,0,0,0,0,0,0,0,0,0,0,0,0,0,0,0,0,0,0,0,0,0
"KRT81",0,0,0,0,0,0,0,0,0,0,0,0,0,0,0,0,0,0,0,0,0,0,0,0,0,0,0,0,0,0,0,0,0,0,0,0,0,0,0,0,0,0,0,0,0,0,0,0,0,0,0,0,0,0,0,0,0,0,0,0,0,0,0,0,0,0,0,0,0,0,1.06647634486271,0,0,0,0,0,0,0,0,0,0,0,0,0,0,0,0,0,0,0,0,0,0,0,0,0,0,0,0,0.533489246411862,0,0,0,0,0,0,0,0,0,0,0,0,0,0,0,0.841098634334844,0,0,0,0,0,0,0,0,0,0,0,0,0,0.316731358158479,0,0,0,0,0,0,0,0,0,0.185024485144225,0,0.380566388973875,0,0,0,0,0,0,0,0,0,0,0,0,0,0,0,0,0,0,0,0,0.228441949877234,0,0,0,0,0,0,0,0,0,0,0,0,0,0,0,0,0,0,0,0,0,0,0,0,0,0,0,0,0,0,0,0,0,0,0,0,0,0,0,0,0,0,0,0,0,0,0,0,0,0,0,0,0,0,0,0,1.24110082267967,0,0,0,0,0,0,0,0,0,0,0.241411666802583,0,0,0,0,0,0,0,0,0,0,0,0,0,0,3.29677719380095,0,0,0,0,0,0,0,0,0,0,0,0,0,0,0,0,0,0,0,0,0,0,0,0,0,0,0,0,0,0,0,0,0,0,0,0,0,0,0,0,0,0,0,0,0,0,0,0,0,0,0,0,0,0,0,0,0,0,0,0,0,0,0,0,0,0,0,0,0,3.34827721827639,0,0,0,0,0,0,0,0,0,0,0,0,0,0,0,0,0,0,0,0,0,0,0,0,0.311215541466805,0,0,0,0,0,0,0,0,0,0,0,0,0,0,0,0,0,0,0,0,0,0,0,0,0,0,0,0,0,0,0,0,0,0,0,0,0,0,0,0,0,0,0,0,0,0,0,0,0,0,0,0,0,0,0,0,0,0,0,0,0,0,0,0,0,0,0,0,0,0,0,0,0,0,0,0,0,0,0.413212343594823,0,0
"S100A9",0,0,0,0,0,0,0,0,0,0,0,0,0,0,0,0,0,0,2.75541334761285,0,0,0,0,0,0,0,0,0,2.8369860436501,1.66839841607696,0,0,0,0,0,0,0,0,0,0,0,0,0,0,0,0,0,0,1.1061351613311,0,0,0,0,0,0,0,0,0,0,0,0,0,0,0,0,0,0,0,0,0,0,0,0,0,0,0,0,0,0,0,0,0,0,0,0,0,0,0,0,0,0,0,0,0,0,0.490560883633092,0,0,0,0,0,0,0,0,0,0,0,0,0,0,0,0,0,0,0,0,0,0.30559796927634,0,0,0,0.538599974299005,0,0,0,0,0,0,0,0,0,0,0,0,0,0,0,0,0,0.185024485144225,0,0,0,0,0,0,0,0,0,0,0,0,0,0,0,0,0.157356601491799,0,0,1.0864941214069,0,0,0.228441949877234,0,0,0,0,0,0,0,0,0,0,0,0,0,0,0,0,0,0,0,0,0,0,0,0,0,0,0,0,0,0,0,0,0,0,0,0,0,0,0,0,0,0,0.644749704253413,0.468203179767735,0,0,0,0,0,0,0,0,0,0,0,0,0,0,0,0,0,0,0,0,0,0,0,0,0,0,0,0,0,0,0,0,0,0,0,0.650471011670481,0,0,0,0,0,0,0,0,0,0,0,0,0,1.96395366424925,0,0,0,0,0,0,0,0,0,0,0,0,0,0,0,0,0,0,0,0,0,0,0,0,0,0,0,0,0,0,1.47929061779382,0,0,0,0,0,0,0,0,0,0,0,0,0,0,0,0,0,0,0,0,0,0,0,0,0,0,0,0,0,0,0,0,0,0.565671586787485,0,0,0,0,0,0,0.307292115510279,0,0.728256973766755,0,0,0,0,0,0,0,0,0,0,0,0,0,0,0,0,0,0,0,0,0,0,0,0,0,0,0,0,0,0,0,0,0,0,0,0,0,0,0,0,0,0,0,0,0,0,0,0.201022829519581,0,0.97415976975614,0,0,0,0,0,0.7060420357201,0,0,0,0,0,0,0,0,0,0,0,0,0,0,0,0,0,0,0,0,0,0,0,0,0,0,0,0,0,0,0,0,0,0,0
"SCGB1B2P",0,0,0,0,0,0,0,0,0,0,0,0,0,0,0,0,0,0,0,0,0,0,0,0,1.79301056409911,0,0,0,0,0,0,0,0,0,0,0,0,0,0,0,0,0,0,0,0,0,0,0,0,0,0,0,0,0,0,0,0,0,0,0,0,0,0,0,0,0,0,0,0,0,0,0,0,0,0,0,0,0,0,0,0,0,2.68139421110004,0,0,0,0,0,0,0,0,0,0,0,0,0.490560883633092,0,0,0,0,0,0,0,0,0,0,0,0,0,0,0,0,0,0,0,0,0,0,0,0,0,0,0,0,0,0,0,0,0,0,0,0,0,0,0,0,0,0,0,0,0,0,0,0,0,0,0,0,0,0,0,0,0,0,0,0,0.157356601491799,0,0,0,0,0,0,0,0,0,0,0,0,0,0,0,0,0,0,0,0,0,0,0,0,0,0,0,0,0,0,0,0,0.762689037581192,3.00903454157339,0,0,0,0,0,0,0,0,0,0,0,0,0,0,0,0,0,0,0,0,0,0,0,0,0,0,0,0,0,0.279301909193764,0,0,0,0,0,0,0,0,0,0,0,0,0,0,0,0,0,0,0,0,0,0,0,4.31993812661674,0,0,0,0,0,0,0,0,0,0,0,0,0,0,0,0,0,0,0,0,0,0,0,0,0,0,0,0,0,0,0,0,0,0,0,0,0,0,0,0,0,0,0,0,0,0,0,0,0,0,0,0,0,0,0,0,0,0,0,0,0,0,0,0,0,0,0,0,0,0,0,0,0,0,0,0,0,0,0,4.68345310438214,0,0,0,0,0,0,0,0,0,0,0,0,0,0.308141522584866,0,0,0,0,0,0,0,0,0,0,0,0,0,0,0,0,0,0,0,0,0,0,0,0,0,0,0,0,0,0,0,0,0,0,0,0,0,0,0,0,0,0,0,0,0,0,0,0,0,0,0,0,0,0,0,0,0,0,0,0,0,0,0,0,0,0,0,0,0,0,0,0,0,0,0,0,0,2.99720597304345,0,0,0,0,0
"S100A2",1.28369222823685,0,0,0,0,0,0,0,1.57322473584007,1.45881842801217,0,0,0,0.994575900698313,0,0.442508403811644,0,0,0,0,2.74037240642779,1.10777894944099,0,0,0,0.895335094104057,0,0,0,0,0.81617406672234,0,0,0,0,0,0.735084609640207,2.24582302651743,0,0,0,1.36078962295348,0.247272895619658,0,0,0,0,0,0,0,0,0,0,0,0.809032132987052,0,0,0,0.350247706606874,0,0,0,0,0,0,0.743915861837624,0,0,0,0,0,0,0,0,0,0,0,0,0,0,0,0,0,0,0,0.424204206565499,1.82536374087678,0,0.384911024830728,0,0,0,0,1.2727599991359,0,0,0.374338675960555,2.90260684665506,0,2.1283676359512,0.743549092459195,0,0,0,0,0,0,1.05646045470597,0,0,1.80606827324287,0,0,0,0,0.841098634334844,0.943802975154755,0.728663636128393,0,0,1.31841052988947,0,0,0,0,0,0,0,0.156515038599438,0.556907868285837,0.589391157825558,0,0,0,0,0,0,0,0,1.10938044166511,0,0.208278835168107,0,0,0,0,0,0,0,0,0,0,0,0,0,0,0.157356601491799,0,0,0,0.407719409203207,0,0.706340909026494,0,0,0,0.916981287799095,0.454020376047057,0,0.201217641692741,2.01694964523108,1.4584385360871,0,0,0,0,0,0,0,0,0,0,0,2.10896674198975,1.16877018061311,0,0,0,0,0,0,0,0,0,0.461963624404076,0,0,0,0,0,0,0,0,2.43574543322079,2.23062151051123,0.644749704253413,0,0,0,0,0,0,0,1.45651099568668,0,0,0,0,0,0,0,0,0,0,0,1.05994051839456,0,0,0,0,2.24753685575943,0,0,0,0,0,0,3.2056949856293,0,0,0,0,0,0,0,0,0,0,0,1.10570223135474,0,0,0,0,0,0,0,0,0,0,0,0,0,0,0,0,0,0,0,0,0,0,0,1.11749615371311,0,0,0,0,0,0,0,1.28973109369553,0,0,0,0,0,0,0.199813776696299,0,0,0.824175442966349,0,0,1.04626802487402,0,0,2.22081037477674,0,0,1.16731984081684,0,0,0,0,0,0,0,0.507488049148388,0,0,0,0,0,0,0,0.844886104286676,3.01069276960561,1.90521073610303,1.61748624561693,0,0.225974155099522,0,0,0,1.87993889363666,0,0,0,1.03235299806691,0.728256973766755,0,0,0.329271203625463,0,0,0,0,0.543362789173045,0,2.41790606057838,0,0,0,0,0,0,0,0,0,0,0,0,0,0,0,0,0,0,2.66824395070179,0,0,0,0,2.98019157934228,0,0,0.359792238353597,0,0,0,0,0,0,1.72428881407459,0,0.168912337592127,0,0.511600155079749,0,0,0,0,1.72325346416957,1.06303202462811,0,0.7060420357201,0,0,0,0,0,0,0,0,0,0,0,0,1.20917785230163,0,1.49385452830835,0,0,0,0,0,0,0,0,0,0,3.28492348945209,0,0,0,0,0,0,0,0,1.78785350642983
"ACTG2",0,3.34497198378333,0,0,0,0,0,0,0,3.2161257190144,0,0,0,0,0.394396648473727,0,0,0,0,0,0,0,0,0,0,0,0,0,0,0,0,0.50117546257534,0,0,0,0.450421810547268,0,0,1.38333915462989,0,3.3703906100194,3.05846747983543,1.47392563084294,0,0,0,0,2.05849774199264,0,0,0,0,0,0,0.404326690551641,0,0,0,0,0,0,0,0,1.76197472089661,0,0,1.15855108644011,0,0,3.16608106013376,0,0,0.583411525610644,2.85362454731478,0,0,0,0,0,0,1.87014347759628,0,0,0,0,0,0,0,0.662155427251608,0,0,1.23036561568234,1.49454372123389,0,0,0.490560883633092,1.31484590702492,1.90813827921168,2.84534274510819,0,0,2.30204935934309,0,0,0,0,0,2.64852722365985,0,0,0,0,0,0,0,0,0,0,0,0,2.05970940190756,0,0,0,0.408369378416663,3.56236837113335,3.21041189938724,0,0.701398094215351,0,0,0,0,0,0,0,0,0,2.69673702406138,0,0,0,0,0,0,0,0,0,0,2.40164495303755,0,0,0,0,0,0,0,0,0,0,0.224496741704284,0,1.02836292245225,0,0,0,0.916981287799095,2.02923265143918,1.62170998635977,0,0,0,0.841967613826153,0,0,0,0,0,0,0,0,0,0,0,0,0,0,0,0,0,0,2.60733178829351,0,0,0,2.59119266296677,0.746046723042712,0,1.85645832047723,0,0,0,0,0,0,0,0,0,0,0,0.582293306486011,0,0,0.972852938197945,0,0,0,0,0,3.33411751303139,0,0,0,0,0,0,3.40680470686516,0,0,0,1.57331941606579,0,2.41363729289826,0,0,0,0,0,0,3.40954786729441,0,4.5325875023502,0.377217639734005,0,0,0,0,0,0,2.40755096416644,0,4.58087432621105,0,0,0,0,0,0,0,2.00324903746557,0,0,0,0,0,0,0,0,0,0,1.12432486493893,0,0,0,0,0,0,0,0,0,0,0,0,0,0,0,0,0,0,3.59796899518183,0,0,2.51789875472167,3.51387446874501,0,0,0,0,0,0,0,0,0,0.488021011374428,0,0,0,0.526219000838714,0,0,0,0,2.27833368835717,0,0,0,1.60605982289429,1.04524261802215,3.56458930908625,3.22852608070036,0,0,0,0,0,0,0,0,0,0,2.66676528530231,0,3.63470426332024,1.86553128101712,0,0.49320232227659,0,0,0,0,0,0,0,0,0.300973043048742,0,0,0,0.898631720637338,0,0,0,0,0,0,0,0.59913672192908,0,1.02131003794068,0,0,0,0,0,2.98019157934228,0,0,0.832515551514231,0,0,0,0,0,0,0,0,0,0,0,0,0,2.33827032138668,0,1.72325346416957,0,0,0,0,3.02062194587788,0,0,0,0,0,0,0,0,0,0,0,0,4.14592710665538,0,0,0,0,0,0,0,0,0,0,0,0,0,0,0,0,0,0,3.03929937796369,3.4454477515645
"MUCL1",0,0,4.72090729328509,0,0,0,0,0,0,0,0.957979820239382,0,2.10132943115078,0.449711103433948,2.45416860814068,0,0,0,0,0,0,1.18817254843034,6.83036471165057,0.558503773792347,6.09054260020678,3.15471774239283,0,0,0,0,0.81617406672234,0,0,0,4.57493721964913,0,0,0,0,0,0,0,1.88866993069723,0,2.12390931231874,1.22067836431938,2.89396786284092,0.718529385587513,0,0,0,0,6.36572147887562,0,6.20366758569515,0.821418616849297,2.78628821373635,0,1.06035158430829,0,4.14626712183807,0,0,0,0,0,0,0,0,0,1.57074896870655,2.30999856153725,6.23042406242051,2.38050248698829,0,5.30082046559408,5.15653162585093,0.542864003282354,0,0,1.11791161014963,0,5.58464648335162,0,0,0,0,1.04116278696609,0,0,2.12099721194834,0,0,0,0,0.490560883633092,5.11903997973589,0,0,0.301906914046114,0,0.80044987862752,0,0,0,0,0,0,7.33727991688849,0,0,7.27145918393658,0,0,0,0,4.83931399621791,0,5.38938462983328,0,0,0,0,0,2.99771497407641,0,0,0,1.21550511561913,0,0,0,0,0,0,4.7798647899457,1.31414888604489,0,0,0,0.964562743285205,0.208278835168107,1.56294843863839,0,1.03061045289451,0,0,6.19370849330062,0,0.572339938084108,0.705419147592356,1.15571024849843,0,0,0,0,0,2.53912739363407,0,0,0,5.34211532879229,0.414280240246409,0,0,0,0,2.2637872181723,0,0.201217641692741,0,0,6.6094048610299,0,0,0,0,7.51917856043762,0.823708634602901,0,1.11680448194177,0,0,0,0,0,0,2.54020282537296,0,0.762689037581192,3.67720268198786,0,0,0.257441994093116,0.461963624404076,0,0,0,0,0,0,0,0,0,0,0,0,0,0,0,0.582293306486011,1.30532691840109,0,1.50333208182336,0,0,2.21157459936603,0,0,0,4.5272803981957,0,0,2.33405124906741,1.04917256292988,0,0,0,0.472120797552739,0,1.06860486389411,6.90667775275871,0,1.91550807631439,0,5.40333520848782,0.578586050764698,0,0,0,0.94799398897928,0,0.377217639734005,0,6.96073898358356,0,0,0,0,0,0,0,0,0,0,0,0,0,0,0.400998865259053,0,0,0,2.20422398096791,0,0,0,0,0,0,0,6.66143156275916,0,0,5.86470167639534,0,0,0,1.92795573721486,0,0,0,0,0,0.819106532334263,0,1.34844709842059,1.47929061779382,7.30753795243749,0,0,0,0,0.90859049611869,0.26837262812301,0,2.45365316882681,2.17275400378444,0,1.33220776882673,3.23266259783321,5.27866831360875,0,7.4743408499537,0,0,0,0.526219000838714,0.285597394077304,0,0,0,0,0,2.29216119993069,2.06222136969842,0.286627644796166,0.219840873293172,0,0,3.61716549251262,0.565671586787485,0,0,7.20063808983309,0.0733154442691275,3.0934319407557,0,0,0,0,0,0,1.31632333909534,0,3.84809719634231,0,0,0.308141522584866,0,0,1.75910370572411,0,0,0,1.09754675846607,0,0,0,0,0,5.49444755532331,0,0,0,0,1.11558942799594,0,7.44581449704264,0,4.79805998573562,0,7.59969860405767,4.27040700244107,0,0.911784539435766,0,0,0,7.04246182320407,0,0,6.62575716773406,0,0,4.87269041331461,0,0,0,0,0,0,0,0,0.611005338557143,0,0,0,0,0,0,0,7.06041826000891,6.01666230312929,0,0,0,0,0,0,1.21989282390028,0,4.45703666004788,0,0,0,0,0,0,0,0,0,0,0.907002417845982,0,0,6.24377145237915,0.890127865085899,0,0,0,0.403904553296564
"MMP7",2.43709636555164,0,0,0,0,0,0,0,3.24279706315768,0,0,0,0,0.75880304997413,0,3.537952356956,0,0,2.75541334761285,0,3.79500055002248,1.715986418135,0,2.43997647092466,0,1.29608315018233,0,0,2.8369860436501,2.99253384331569,1.25950002519192,0,1.22045380848076,0,0,0,1.56857520489314,1.29613574953619,0,2.61258418687796,0,0,0,0,0,0,0,0,0,0,0,0,0,0,0.809032132987052,0,0,0,0,0,2.06823523928699,0,0,0,0,2.28577173647177,0,0,0,0,0,0,0,0,0,0,0,0,0,0,0,0,0,0,0,0,3.53869329557365,0,0,0,0,0,0,3.3768239126559,2.22489673977225,1.69242227936242,0,0,0,1.58448693137396,0.602971100897373,0,0,0,2.52256340815432,0,0,0,0,3.4035202630783,2.78867181622149,0,0,0,0,4.8490231587403,1.87089010701368,3.61364616143773,0,0,0,1.97193791292647,0,0,1.42365447676779,0,0,2.0899243060346,0.291816038952364,3.4865757040444,3.98881304602483,0,0,0,0,0.586615735742599,0,0,0,1.17425360630263,0,1.26613650066609,0,0,0,0,0,0,0,0,0,0,0,2.2843242893845,0,0,0.860060336924902,0,0,0,2.35748229048789,0,2.73253935839492,1.95107071096675,3.16445076684326,0,0.916981287799095,0,0,1.23889578891451,3.21445298434613,2.52950901854903,0,0,0,3.37310698435427,0,0,0,0,0,0,0,1.62162496656235,2.8049487088792,0,0,2.54020282537296,0,0,0,0,2.55979565564398,2.39634591200033,2.15564284691296,0,0,0,0,0,1.99308065195788,0,0,3.93734118132995,0,1.62428615531617,1.02653094480031,0,0,0,0,0,0,2.47664866892633,0,0,0,0,0,0,0,0,0,0,0,3.07953064568235,0,0,0,0,0.435729160392897,0.687642988943204,0,0,0,0,0.942749469883147,4.81560429755304,0,0,0,0,0.206290998124925,0,0,1.82536833690261,0,0,0,0.339516940730925,0,0,0,0,0,0,2.96436300988635,3.29334720269262,0,0,0,0,0,0,0,0,0,0,0,0,0,0,1.46556831106799,4.03502133727259,0,3.13337107288107,0,0,0,1.92996679913168,0,3.61005449607039,0,0,0,0,0,0,0,0,0,3.10608033072286,0,0,4.15088840112262,0,0,0.623108383259999,0,0,0,0,0,0,3.87066549866037,1.49452456685728,0,0.961601252829526,1.60275158648103,0,2.54235776083478,0,0,0,0,3.34827721827639,0,0.684869943102845,0,0,0,1.88372343206481,0,0,0,2.54276416944668,0,0,4.82052696971809,0,0,0,0,0,0,0,0,2.46605184902437,3.66083550051719,0,3.16273594735104,0,0,4.02851609986914,1.50668048922186,0,0,0,0.992861568399659,0,0,0,0,0,0,0,0,0,0,2.89442855859178,0,0,0,0,0,0,0,0,0,0,0,0,0,0,4.71036483198371,0,0.439576007572209,0,1.4151581590605,1.09674909941471,2.22405071488636,0,1.78429860398032,0,2.22053468583255,0,2.88637966822951,0,0,0,0,0,0,0,0,0,1.35511961709428,2.21983910792719,2.2291402508381,2.34208604607069,0,0,0,0,1.54333900010876,0,0,0,0,0,2.88786305629467,0,4.51057697275219,0,0,0,0,0,0,0,0,2.07533987968314
"TNFRSF11B",0,0,0,0,0,0,1.35952832695924,0,0,0,0,0,0,0,0,0,0,0,0,0,0,0,0,0,0,0.393877342906652,0,0,0,0,0,0,0,0,0,0,0,0,0,0,0,0,0,0,0,0,0,0,1.1061351613311,0,0,0,0,0,0,0,0,0,0,0,0,0,0,0,0,0,0,0,0,0,0,0,0,0,0,0,0,0,0,0,0,0,0,0,0,0,0,0,0,0,0,0,0,0,0,0,0,0,0,0,0,0,0,0,0,0,0,0,0,0,0,0,0,1.75997972320867,0,0,0,0,0,0,0,0,0,0,0,0,0,0,0,0,0,0,0,0,0,0,0,0,0,0,0,0,0,0,0,0,0,0,0,0,0,0,0,0,0,0,0,0,0,0,0,0,0,0,0,0,0,0.252558685715553,0,0,0,0,0,0,0,0,0,0,0,0,0,0,0,0,0,0,0,0,0,0,0,0,0,0,0,0,0,0,0,0,0,0,0,0,0,0,0,0,0,0,0,0,0,0.344561058277339,0,0,0,0,0,0,0,0,0,0,0,0,0,0,0,0,0,0,0.330258807331362,0,0,0,0,0,0,0,0,0,0,0,0,0,0,0,0,0.592518874206334,0,0,0,0,0,0,0,0,0,0,0,0,0,0,0,0,0,0,0,0,0,0,0,0,0,0,0,0,0,0,0,0,0,0,0,0,0,0,0,0,0,0,0,0,0,0,0,0,0,0,0,0,0,0,0,0,0,0,0,0,0,0,0,0,0,0,0,0.219840873293172,0,0,0,0.225974155099522,0,0,0,0,0,0,0,0,0,0,0,0.329271203625463,0,0,0,0,0,0,0,0,0,0,0,0,0,0,0,0,0,0,0,0,0,0,0,0,0,0,0,0,0,0,0,0,0,0,0,0,0,0,0,0,0,0,0,0,0,0,0,0,0,0,0,0,0,0,0,0,0,0,0,0,0,0,0,0,0,0,0,0,0,0,0,0,0,0,0,0,0,0,0,0,0,0,0,0,0,0,0,0
"SCGB3A1",1.28369222823685,0,3.44047821145192,0,1.04784832076557,0,0,0,5.71357337789674,0,0.957979820239382,0,3.83847431740533,0.994575900698313,2.05012137314934,0.442508403811644,0,0,0,0,0,1.18817254843034,5.71335911342729,6.28805097811642,0,6.118166519994,1.01791149560635,0,0,6.11563824342357,2.4064618585967,2.4899959394851,2.10000070269882,0,2.31697579007581,5.04832206685893,6.25058558165373,5.84622911801645,2.6960052431664,5.47882125538976,0,0,2.92709450814807,4.11657367572716,0,0,2.89396786284092,0,0,0.777100927342254,0,5.45807313623908,4.31723729838576,0,5.87991278078709,3.54215787423655,3.6923470163782,0,4.60709451551541,0,0,0,3.88079190388428,0,1.24902557782386,4.38366772386095,0,1.62694524888205,0,0,1.90439957779139,0,4.90725844549529,0,0,4.48053392000388,4.35092043022822,2.06036336533658,0,0,2.29455236794709,0,3.55573671287402,0,0,0.424204206565499,1.16052257475546,3.13506388217478,0.384911024830728,0,3.67711325538669,2.36930147343163,0,0,2.97390511012986,1.80267569149187,3.53059139625586,0,0,3.06531659153944,3.62933195115808,2.21669481609253,5.00293547553448,0,5.82835999172663,0,0,0,5.26854373436524,0,0,5.94600506759847,1.78830430109883,0,0,0,5.18721127811759,4.46754113198799,0,0,1.81364613065165,6.42999720872042,0,0,4.02491478114731,0,0,6.40135277716952,3.06809154829086,5.60818900337473,4.83827122259884,0.624898080025838,3.04072087450608,1.60847860306323,0,3.18382519680062,3.83643059999435,0,0,5.05035683577626,3.01962858947585,4.19067517496786,5.27455200266953,1.65752011197219,1.03061045289451,0,5.7120273240327,2.95502403621478,1.38884979279988,3.84100298839397,0.705419147592356,0,0,6.01391429500266,3.86477639644595,0,0.293285708439276,3.66158500577358,3.97698682878206,6.27151693935655,5.72128308586355,2.56166469028514,0,5.55895440116281,5.56746998047205,0,0,2.23346394763708,1.62170998635977,6.70591623778556,1.67589526685923,0.974416455130659,6.03737205805022,0,5.20250209356096,5.86011721972125,0,3.60936243358881,1.57625495270188,1.95141601292984,0,0,0,6.3455245834177,5.31787478419826,4.12170211482128,0,4.66476073842974,2.19049739994173,1.48887387116041,0,5.4793608875716,4.68581487876232,0.776783616385434,2.96519800009897,0,2.28941672951318,0,0,0.935397933011595,5.96397592326467,1.46569637169309,0.830952688208215,0,0,5.6213969226441,3.95799932953412,3.10806368536629,0,4.69797903155737,3.17446543599611,2.67031194149789,5.20018142271842,1.30125561453198,0.805825419049015,0,0,0,0,0,3.26316462174094,0,0,0,0,5.75969877702917,0,5.02264334115234,4.16443111862256,3.14777169321088,1.2405183019928,3.88100795595347,0.942080370299322,6.28347316144604,3.15843771545194,4.42274208598834,5.15091740044264,0,2.523156531922,0.69747510236751,0,0,3.74877577745922,2.17524823995421,0,0.713447738596902,0.588855326505293,0,0,0.339516940730925,0,0,4.78200333621407,3.67382819398517,0.858108776491419,0,0,3.44217957081347,1.53188014607106,1.08965976612181,1.48706036279782,0,6.7558045357089,4.68062645512999,2.0262314329529,2.15094959722266,0,0,3.58359372773735,0,1.64021460899844,0,2.03601285320469,0,0,4.37006513643724,0,5.53020724597236,2.28372444257986,4.35106033471592,2.46782865970212,0,5.49168875952858,2.0952636775549,1.99366040217745,0,3.63939293976455,4.86609926200387,6.55095751200226,0,1.23640002269911,5.82071576666664,0,0,0.931838014295393,0,0,6.13064254220589,0,2.23732106466724,1.69133812362699,2.4842423273152,0,6.55812784209019,5.80689038602509,6.1752201802797,0,5.13156920335608,3.93013902039056,2.07429610670219,0,1.98402473300972,0,1.62924857899404,6.15450978373101,2.06222136969842,1.29621246562332,0.745005528389884,0,0,3.61716549251262,5.38464659574643,0,3.60152171304784,0,5.29105904485306,4.3132686979936,0,4.31890112536501,0,0,0,0,2.33784744040733,0,3.68614220792424,4.94667177101431,2.46605184902437,4.17251108526806,2.89719772296656,1.97497204097125,3.22032079520182,4.04069624761159,3.28651556498994,6.50673015206079,3.36575227951463,1.11212600783483,2.63873239053848,1.63432822261764,2.07566634652719,0,3.40277114909524,0,2.89558133633711,0.954527919007657,2.15050243102918,4.83081295022383,3.68569167689474,6.82674879527751,1.23518782367386,0,4.44176984435031,4.29122008708825,3.34321397366823,0,3.94386725895089,0,0,0,5.0590318981271,4.6799210627714,0,0,0,0.705134039445368,2.78843316655363,0.652367738913079,0,3.40676523947459,4.17163425858893,6.19758363171175,0.940221811004021,5.77796524697612,0,3.27635378709496,0,3.78623711808073,1.61414783336527,0,1.16625372558609,0,0,3.74569278408997,3.23525799046987,2.79043982861178,1.40002490112502,5.83646923361508,1.92590000946153,4.91584055172789,3.09813354896781,3.44147885300777,0,3.19200698369885,6.43592140443025,0,1.43374503211757,0,0.88738723708923,5.76802909670335,1.29081284349628,1.80606827324287,0,0,0.907002417845982,0,0,0,3.23484750255261,0,3.71137323120073,0,0
"IGKV4-1",0,0,0,0,0,0,0,0,0,0,0,0,0,0,0,0,0,0,0,0,0,0,0,0,0,0,0,0,0,0,0,0,0,0,0,0,0,0,0,0,0,0,0,0,0,0,0,0,0,0,0,0,0,0,0,0,0,0,0,0,0,0,0,0,0,0,0,0,0,0,0,0,0,0,0,0,0,0,0,0,0,0,0,0,0,0,0,0,0,0,0,0,0,0,0,0,0,0,0,0,0,0,0,0,0,0,0,0,0,0,0,0,0,0,0,0,0,0,0,0,0,0,0,0,0,0,0,0,0,0,0,0,0,0,0,0,0,0,0,0,0,0,0,0,0,0,0,0,0,0,0,0,0,0,0,0,0,0,0,0,0,0,0,0,0,0,0,0,0,0,0,0,0,0,0,0,0,0,0,0,0,0,0,0,0,0,0,0,0,0,0,0,0,0,0,0,0,0,0,0,0,0,0,0,0,0,0,0,0,0,0,0,0,0,0,0,0,0,0,0,0,0,0,0,0,0,0,0,0,0,0,0,0,0,0,0,0,0,0,0,0,0,0,0,0,0,0,0,0,0,0,0,0,0,0,0,0,0,0,0,0,0,0,0,0,0,0,0,0,0,0,0,0,0,0,0,0,0,0,0,0,0,0,0,0,0,0,0,0,0,0,0,0,0,0,0,0,0,0,0,0,0,0,0,0,0,0,0,0,0,0,0,0,0,0,0,0,0,0,0,0,0,0,0,0,0,0,0,0,0,0,0,0,0,0,0,0,0,0,0,0,0,0,0,0,0,0,0,0,0,0,0,0,0,0,0,0,0,0,0,0,0,0,0,0,0,0,0,0,0,0,0,0,0,0,0,0,0,0,0,0,0,0,0,0,0,0,0,0,0,0,0,0,0,0,0,0,0,0,0,0,0,0,0,0,0,0,0,0,0,0,0,0,0,0,0,0,0,0,0,0,0
"SCGB2A1",1.28369222823685,0,0,0,0,0,0,0,3.33199375653391,0,0,0,0,0.75880304997413,0.394396648473727,0.442508403811644,1.29967099461141,0,0,0,0,0,4.73801738233957,4.0183274201768,0,2.47327004891039,0,0,0,2.06507213935508,3.16602062730019,0.50117546257534,0,0,0,0,4.59217876844728,3.99977107463402,0.317380120763112,3.25412258755193,0,0,0,0,0,0,0,0,0,0,0,2.80797541146635,0,0,1.00942644324313,0.614725386379272,0,0,0,0,0,0,0,0,0,2.12358521243687,0,0,0,0,0,0,0,0,0,0,0.575754926674755,2.33911673496303,0,0,0,0,2.05447253035063,0,0,0,0,0,0,0,0,0,0,0.998348414252084,0,0.490560883633092,0.374338675960555,0,0,0.721397352331552,2.19717553669378,0,2.67006170336998,0,0,0,0,0,0,0,0,0,0,0,0,0,1.15006123637809,2.67982805621969,0,0,0,2.71033113727455,0,0,1.48261504822296,0,0,2.15063655436186,1.55338037600055,2.78981356891633,2.50474732182086,0,4.1069474145244,0,0,0.586615735742599,0,0,0,2.16601139217499,0,0.769081127163289,0,0,0,0,0.782504961836975,0,0,0.326569628503924,0,0,0,2.19914688469629,0,0,0,0,0,5.24455275288713,3.06278808940219,0.231066333093081,0,3.05025475493917,4.23450078750035,0,0,1.72223800360953,0,3.57713693912694,0.735197652465545,0,0,0,0.455778266064685,3.37310698435427,0,2.7065581407167,0,0,0,0,0,2.22992781592979,1.87871385347808,6.55141415999636,0,0,0,0,0,3.26291675365922,4.10538128494444,0,0.578250650396765,0,0,0,0,0,2.47886908172482,0,0,0,0,2.43478506587437,0,0,0,0,0,0,4.43340574368716,0.48060684814386,0,0,2.21157459936603,0,0,0,3.1174114198911,0,0,0,0,1.79672459297254,0,3.57802566196746,1.53046966905156,0,0.241411666802583,0.687642988943204,0,0,0,0,3.42665601652373,0,0,0,0,0,0.76339784280585,5.42638837891379,0,0,0,0,4.1219534330369,0,0,0,3.42053581027297,0,0.858108776491419,0,0,1.91144563763058,1.36135962579206,0,0,0,4.75119727299875,0,0,0,0,0,0,0,0,0,0,2.42355853549729,0,2.37547280874254,0,3.8886907112042,0,0,0,1.5060930847643,0,0,0,0,0,0,4.41417546794768,0,0,1.87895601425821,0,0,0,0,1.51371659213444,2.46885696963818,0,0,0,0,1.60624557133513,1.06031046205005,0,4.35572214678715,0,2.98052020155064,0.285597394077304,0,0,0,0,0,0,0,0,0,0,0,0,2.70436874576839,0,0,0,3.66640456684709,0,0,0,0,0,0,0,0,0,0,0,0,0.308141522584866,0,1.68287442726287,0.673681963885596,0,1.54297736882619,2.50450773401652,0,1.80862327528006,0,0,1.00885672944324,0,0.244232001025334,0,0,0,0,0,0,2.97338459562636,0.797287439812542,0,3.68222404411005,0,2.68478048710565,0,0,0,0,0,0,3.99601083627151,0,0,0,0,0,0,0,3.19370290190352,1.94351398177464,2.97300501752628,0,1.78429860398032,0,0.489629733214828,0,0,0,0,0,0,0,0,0,2.96247630734792,0,4.26092421385374,1.01464947554944,1.87608774620599,0,0,0,0,3.28519846779927,0,0,0,2.89841193070444,0,0,0,0,0,0,0,0,0,0,0,0.93019282968032,0,0
"PTN",0,2.05923185480196,0,0,0,0,0,0,0,0,0,0,0,0,0,0,0,0,0,0,0,0,0,0,1.79301056409911,0,0,0,0,0,0,0,2.10000070269882,0,0,0,0,0,0,0,0,0.977094653874658,0.247272895619658,0,0,0,0,0,0,0,0,0,0,0,0.404326690551641,0,0,0,0,0,0,0,0,0,0,0,0,0,0,0,0,0,0,0,0,0,0,0,0,0,0.522449854197289,0,0,1.3122281487223,0,0.424204206565499,0,0,0,0,0,0,0.687028832495894,0,0,0,0.374338675960555,0,0,0,0,0,0,0,0,0,0,1.73878608352274,0,0,0,0,0,0,0.724947445201725,0,0,0,0,0,0.706336575647816,0,0,2.46113581658714,0,0,0,0,0,0,0,0,0,0,0,0,0,0,0,0,0,0,0,0,0,0,0,0,0,0.326569628503924,0,0,0,0,0,0,0.293285708439276,0,0,0,0,0,0.414280240246409,0,0,0,0,0,0,0,0,0,0,0,0,0,0,0,0,0,0,0,0,0,0,0,0,0,0,0,0,0,0,0,0.178756199365742,0,0,0,0,0,0.197666017049984,0,0,0,0,0,0,0,0,0,0,0,0,0.344561058277339,0,0,0,0,0,0,0,0,0,0,0,0,2.37238140115963,0,0,0,1.06860486389411,0,0,0,0,0,0,0,0,0,0,0,0,0,0,0,0,0,3.22969091676493,0.962057788580324,0,2.53305874580974,0,0,0,0,0,0,0,0,0,1.57757515142955,0,0,0,0,0,0,0,0,0,0,0,0,0,0,0,0,0,0,0,0,0,0,0,0,0,0,0.199813776696299,0,0,0,0,0.90859049611869,0,0,0,0,3.31510191015727,0,0,0,0,0,0,0,0,0,0,0,3.19536986156097,0,0,0,0,0,0,0.399954569307852,0,0,0,0,0,0,0,0,0,0,0.542019721955301,0,0.958276947172708,0,0,0.576562537447422,0,0,0,0,0,0,0,0,0,0,0,0,0,0,0,0,0,0,0,0,0,0,0,0,0,0,0,0,0,0,0,0,0,0,0,0,0,0,0,0,0,0,0.82772806551852,0.807267183141113,0,0,0,0,0,0.454471686621507,0,0,0,0,0,3.7609431123511,0,0,0,0,0,0,0,0,0,0,0,0,0,0,0,0,0,0,0,0,0.991580004757836,0,0,0,1.35098587078419,2.43317557494036,0,0,0,0,0,0.403904553296564
"PI3",0,0,0,0,0,0,0,0,0.214212456721923,0,0,0,0,0.75880304997413,0,0,0,2.41395803210652,0,0,0,0,0,0,0,0.544692419093325,0,0,0,0,0,0,0.585696559370297,0,0,0,0,0.675750356218042,0,0,0,0,0,0,0,0,0,0,0,0,0,0,0,0,0,0,0,0,0,0,0,0,0,0,0,0.905113295840517,0,0,0,0,0,0,0,0,0,0,0,0,1.95818130199975,0,0,0,0,0,0,0.424204206565499,0,0,0,0,0,0,0,0,0,1.80267569149187,0,0,0,0.879519402516883,1.3948366090396,0,0,0,0,0,0,0,0,0,0,0,0,0,2.89225672803774,0,0.179164024904469,0,0,0,0,1.40910546190679,0,0,0,0,0,0.409471510235087,0.291816038952364,0,1.43783351046931,0,0,0,0,0,0,0,0,0.341101364891303,0,0.527487777192105,0,0,0,0,0,0,0,0,0,0,0,0,0,0,0,0,0,0,0.224496741704284,0,0,0,0,2.53805331497743,0,0,0,0.201217641692741,0,0.974416455130659,0,0,0,0,0,0,0,0,0,0,0,0.534335752831089,0,0,0,0,0,0,0,0,0,0,0.330352390065333,0,0,0,0,0,0.837824022765196,0,0,1.96458605982008,0,0.644749704253413,0,0,0,0,0,0,2.69932057657129,0.707259968021601,0,0,0,0,0,0,0,0,0,0,0,1.34268174795081,0,0,0,0,0,0,0,0,0,0,0,0,0,0,0,0,0.377217639734005,0,0,0,0,0,0,0,0,0,0,0,0,0,0,0,0,0,0,0,0,0,0,0,0,0,0,0,0,0,0,1.6320561324717,0,0,0,0,0,0,0,0,0,0,0,0,0,0,0,0,0,0,0,0,0.802601199570367,0,0,0,0,0,0,0,0,0,1.87585372828883,0,2.72026839821151,0.961601252829526,0,0,0,0,0,0,0,0,0,0,0,0,0,1.88372343206481,0,0,0,1.46950358075417,0,0,0,0,0,0,0,0,0,0,0,0,0.733655870384492,0,0.311215541466805,0,0,0,0,0,0,0,0,1.50072237224822,0,0,0,0,0,0,0,0,0,0,0,0,0,0,0,0,0,0,0,0,0,0,0,0,0,0,0,0,1.46782602002554,0,0,0,0,0,0.489629733214828,0,0.414080126913731,0,0,0,0,0,0,0,0,0,0.599970035985466,0,0,0,0,0,0,0,0,0,0,0,0,0,0,0,0,0,0,0,0,0,0,0,0,0
"C6orf15",0,0,0,0,0,0,0,0,0.670668081081306,0,0,0,0,0.994575900698313,0,0.748209939561335,0,0,0,0,0,0,0,0,0,0,0,0,0,0,0.81617406672234,0,0,0,0,0,0.433617890603626,0.216221096994168,0,0,0,0,0,0,0,0,0,0,0,0,0,0,0,0,0,0,0,0,0,0,0,0,0,0,0,1.46151244824181,0,0,0,0,0,0,0,0,0,0,0,0,0,0,0,0,0,0,0,0,1.45568073013384,0,0,0,0,0,0,0,0,1.69242227936242,0,0,0,2.50780338243816,0,0,0,0,0,0,0,0,0,0,0,0,0,0,0,1.60074819527282,0,0.539338985357731,0,0,0,0,0,0,0,0,0,0,0,0.316731358158479,0,0,0,0,0,0,0,0,0,0,0,0.208278835168107,0,0,0,0,0,0,0,0,0,0,0,0,0,0,0.157356601491799,0,0,0,1.10311582041293,0,0.228441949877234,0.69616074386521,0,0,0,0,0,0,0.735197652465545,0,0,0,0,0,0,0,0,0,0,0,0,0.162610746161151,2.28971567821,0,0,0,0,0,0,0,0,0,0.578250650396765,0,0,0,0,0,0,0,0,1.77589560412458,0,0,0,0,0,0,0,0,0,0.600341164541019,0,0,0,0,0,0,0,0,0,0,0,0,0,0,0,0,0,0,0,0,0,0,0,0.516625478168097,0,0,0,0,0,0,0,0,0,0,0,0,0,0,0,0,0,0,0,0,0,0,0,0,0,0,0,0,0,0,0,0,0,0,0,0,0,0,0,0,0,0,0,1.5060930847643,0,0,0,0,0,0,0,0,0,0.824175442966349,0,0,0.479748970155267,0,0,0,0,0,0,0,0,0,0,0,0,0,0,0,0,0,0,0,0,0,0,0,0,0,0,0,0,0,0,1.21139547631455,0,0,0,0,0,0,0,0,0,0,0,0,0.543362789173045,0,2.79321844034302,0,0,1.04353978703592,0,0,0,0,0,0,0,0,0,0,0,0,0,0,0,2.37547280874254,0,0,0,0,0,0,0,0,0,0,0,0,0,0,0.705134039445368,0,0,0,0,0,0,0,1.24637135522961,0,0.191091857074169,0,0.414080126913731,0,0,0,0,0,0,0,0,0,0.344321423573703,0,0,0,0,0,0,0,0,0,0,0,0,0,0,0,0,0,0,0,0,0,0,0,0,0.690805434142162
"LY6D",0,0,0,0,0,0,1.35952832695924,0,3.34891662420064,0,0,0,0,0.994575900698313,0,2.39961421597072,0,1.80649347603911,0,0,2.74037240642779,2.152180608376,0,0.558503773792347,0,0.791541997473707,0,0,2.20078805549461,0,1.79961496916836,0,0.585696559370297,0,0,0,1.15414692865863,0.216221096994168,0,0,0,0,0,0,0,0,0,0,1.95557205996705,0.777100927342254,0,0,0,0,0.222460656311435,0,1.15511414466006,0,0,0,0,0,0,0,0,0.313388560870904,0,0,0,0,0,0,0,0,0,0,0,0,0,0,0.522449854197289,0,0,0,0,0.424204206565499,2.35974518097201,0,0,0,0,0,0,2.16471082798861,1.63437706404555,2.4097979952674,0,0,0,1.34011497494804,0,0,0,0,0.540159780596851,0,0,0,0,0,0,0,0,0,0,2.89844308589472,1.08592189667544,1.79244432122258,0,0,0,0.389157792299588,0,0,0.224887125477344,0,0,0.409471510235087,0,0.750425658075187,1.76084353078374,0,0,0,0,0,0,0,0,0,0,0.871016816277591,0,0,0,0,0.782504961836975,0,0,0,0,0,0,0,0,0,0.157356601491799,0,0,1.0864941214069,2.11614543112216,0,2.24803798129786,2.30800298524758,0,0,0,0,0,0,1.86089229062282,2.76295403770496,0,0,0.455778266064685,0,0,0,0,0,0,0,0,0.302440547608702,1.69305549219903,0,0,0,0,0,0,0,0,1.01584665966283,1.66884620141849,0,0,0,0,0,1.34578990442089,0,0.830952688208215,1.23918083600871,0,0.373461763532623,0,0,0,0,0,0,0,1.11738542279312,0,0,0,0,0,0,0,0,0,0,0,1.05994051839456,0,2.5337704679311,0,0,0,0,0,0,0,0,0,2.41102844061094,0,0,0,0,0.206290998124925,0,0,0,0,2.29782894816441,0,0,0,0,0,0,0,0,1.96395366424925,1.67187618897306,0,0,0,0,0,0,0,0,0,0,0,0,0,0,1.46556831106799,0,0,0,0,0,0,0,0,2.18553759692087,0,0,0,0,0,0,0,0,0,1.53183666641055,0,0,0.802601199570367,0,0,0.359321790319741,0,0,0,0,0,0,0,0,0,0.526219000838714,0.688973468846786,0,0,0,0,0,0,0,0,0.684869943102845,0,0,0,0.700208723391928,0,0,0,1.141019540328,0,0,0.542019721955301,0,2.00536447674573,0,0,0,0,0,0,0,2.86796164634449,0,1.36626188739717,0,0,2.32201980269961,0.877421691670905,0,0,0,0.217291794915948,0,0,0,0,0,0,0,0,0,0,3.93182563272433,0,0,0,0,0,0,0,0,0,0,2.93351608337319,0,0,0,3.13629982765899,0,0.905080420563078,0,1.23813638387847,0,0.601289686186985,0,1.78429860398032,0,0.71923064608015,0,0,0.850664351707425,0,0,0,0,0,0,0,0,1.11683213069862,2.21983910792719,0,0,0,0,0,0,1.32445712887098,0,0,0,0,0,0,0,0,0,0,0,0,0,0,0.704745642049219,0,0.913479977399796
"IGHG1",0,0,0,0,0,0,0,0,0,0,0,0,0,0,0,0,0,0,0,0,0,0,0,0,0,0,0,0,0,0,0,0,0,0,0,0,0,0,0,0,0,0,0,0,0,0,0,0,0,0,0,0,0,0,0,0,0,0,0,0,0,0,0,0,0,0,0,0,0,0,0,0,0,0,0,0,0,0,0,0,0,0,0,0,0,0,0,0,0,0,0,0,0,0,0,0,0,0,0,0,0,0,0,1.25832641494449,0,0,0,0,0,0,0,0,0,0,0,0,0,0,0,0,0,0,0,0,0,0,0,0,0,0,0,0,0,0,0,0,0,0,0,0,0,0,0,0,0,0,0,0,0,0,0,0,0,0,0,0,0,0,0,0,0,0,0,0,0,0,0,0,0,0,0,0,0,0,0,0,0,0.692348139366813,0,0,0,0,0,0,0,0,0,0,0,0,0,0,0,0,0,0,0,0,0,0,0,0,0,0,0,0,0,0,0,0,0,0,0,0,0,0,0,0,0,0,0,0,0,0,0,0,0,0,0,0,0,0,0,0,0,0,0,0,0,0,0,0,0,0,0,0,0,0,0,0,0,0,0,0,0,0,0,0,0,0,0,0,0,0,0,0,0,0,0,0,0,0,0,0,0,0,0,0,0,0,0,0,0,0,0,0,0,1.47929061779382,0,0,0,0,0,0,0,0,0,0,0,0,0,0,0,0,0,0,0,0,0,0,0,0,0,0,0,0,0,0,0,0,0,0,0,0,0,0,0,0,0,0,0,0,0,0,0,0,0,0,0,0,0,0,0,0,0,0,0,0,0,0,0,0,0,0,0,0,0,0,0,0,0,0,0,0,0,0,0,0,0,0,0,0,0,0,0,0,0,0,0,0,0,0,0,0,0,0,0,0,0,0,0,0,0,0,0,0,0,0,0,0,0,0,0,0,0,0,0,0,0,0,0,0,0,0,0,0,0,0,0,0,0,0
"IGKV1-5",0,0,0,0,0,0,0,0,0,0,0,0,0,0,0,0,0,0,0,0,0,0,0,0,0,0,0,0,0,0,0,0,0,0,0,0,0,0,0,0,0,0,0,0,0,0,0,0,0,0,0,0,0,0,0,0,0,0,0,0,0,0,0,0,0,0,0,0,0,0,0,0,0,0,0,0,0,0,0,0,0,0,0,0,0,0,0,0,0,0,0,0,0,0,0,0,0,0,0,0,0,0,0,0,0,0,0,0,0,0,0,0,0,0,0,0,0,0,0,0,0,0,0,0,0,0,0,0,0,0,0,0,0,0,0,0,0,0,0,0,0,0,0,0,0,0,0,0,0,0,0,0,0,0,0,0,0,0,0,0,0,0,0,0,0,0,0,0,0,0,0,0,0,0,0,0,0,0,0,0,0,0,0,0,0,0,0,0,0,0,0,0,0,0,0,0,0,0,0,0,0,0,0,0,0,0,0,0,0,0,0,0,0,0,0,0,0,0,0,0,0,0,0,0,0,0,0,0,0,0,0,0,0,0,0,0,0,0,0,0,0,0,0,0,0,0,0,0,0,0,0,0,0,0,0,0,0,0,0,0,0,0,0,0,0,0,0,0,0,0,0,0,0,0,0,0,0,0,0,0,0,0,0,0,0,0,0,0,0,0,0,0,0,0,0,0,0,0,0,0,0,0,0,0,0,0,0,0,0,0,0,0,0,0,0,0,0,0,0,0,0,0,0,0,0,0,0,0,0,0,0,0,0,0,0,0,0,0,0,0,0,0,0,0,0,0,0,0,0,0,0,0,0,0,0,0,0,0,0,0,0,0,0,0,0,0,0,0,0,0,0,0,0,0,0,0,0,0,0,0,0,0,0,0,0,0,0,0,0,0,0,0,0,0,0,0,0,0,0,0,0,0,0,0,0,0,0,0,0,0,0,0,0,0,0,0,0,0,0,0,0,0
"SCGB1D2",0,0,0,0,0,0,0,0,4.2107972694659,0,0,0,0,2.51423754730009,0,0,0,0,0,0,0,0.225902383218806,6.43557569916647,1.94368488281696,0,2.43172134197849,0,0,0,4.43664661106655,3.40193317819506,0,2.10000070269882,0,0,0,3.96212234012498,4.38115397856105,0,3.98465109321948,0,0,0,0,0,0,0,0,1.1061351613311,0,0,3.47049481043592,0,0,1.55544626279892,5.71750816503982,0,0,0,0,0,0,0,0,0,2.35796095145531,0,0,0,0,0,2.30999856153725,0,0,0,2.60037797328632,2.86832019109162,5.85978957213157,0,0,0,0,0,0,0,0,0.242122377649559,0,0,0,0,0,0,0.998348414252084,0,0,2.11196586845853,0,0,1.58448693137396,2.31282706887469,0,3.72140909741159,0,0.888945079410637,0,0,0,0.784896164904308,0,0,0,0.270947742170345,0,0,0,1.4205680016866,3.06216954762605,0,0,0,3.64041155009685,0,0,4.86940156424208,0,0,1.80174553826596,5.22309516042865,3.68270826781962,0,0,4.94479623750057,0,0,4.89969050936729,0.64563307750181,0,0,2.23357407420837,0,2.76125078180848,0,0,0,0,0.782504961836975,0,0,0,1.62900141560664,0,6.19806713996133,3.04658191145509,0,0,0.412929666473272,0,2.91517314401779,2.8160623434147,3.78508560141004,0,0,1.39081130731919,3.16445076684326,0,0,5.23053535893584,0,3.68344008035151,3.07417325811354,2.0279485364382,0,0,2.96922490541109,2.71366819340643,0,1.60815913988132,0,0,0,0,0,3.12320903395073,3.59699773664519,1.43338022151079,0,0,0,0,0,4.15597370446454,4.28495177224102,0,2.26302109021763,0,0,0,0,0,2.32035866942979,0,0,0,0,1.53083619076179,0,0,0,0,0,0,0,0.48060684814386,0,0,0,0,0,0,5.42151824344712,0,0,0,0,1.98613736485255,0,2.5337704679311,5.86412422336902,0,0.241411666802583,0,0,0,0,0,2.71491109504537,0,0,0,0,0,1.58819056893317,6.38271357926613,0,0,0,0,3.62187835639652,0,0,0,4.09720044086806,0,3.43047473160801,0,0,1.67187618897306,4.6016721265525,0,0,0,2.73048623168873,0,0,0,0,0,0,0.708440422897799,0,0,0,1.11749615371311,4.06009910624668,3.23436500191066,0,3.8886907112042,0,2.5477690025111,0,3.36979745523176,2.87167962488401,0,0,0,0,0,4.62355954558573,0,0,2.29857707159651,0,0,0,0,0,3.85571226358666,0,0,3.70967760165162,0,0,4.26322316788535,1.32526813200521,4.09054883398776,0,3.53342367555494,0,0,0,4.31760852776139,0,0,0,0,0,0,0,0,0,3.96504850219303,0,0,0,4.78853703094253,0,0,0,0,0,0,0,0,0,3.67003062746354,0,0,0.893461840352422,0,3.13135545845458,0.673681963885596,2.49923552910386,0,4.18381677707372,0,0,0,4.85531392134695,0,0,0.604273033748241,0,0,0,0,4.9155196742868,3.90380664171606,4.42984894532843,0,0,2.63271985032604,0,2.68478048710565,0,0,0,0.359792238353597,0,0,0,0,0,0,0.413472291014539,0,0,0,2.53194445185326,1.09674909941471,2.59279303532625,0,2.76419132272449,0,1.93093835769695,0,0.414080126913731,0,0,0,0,2.67633933291001,0,0,2.31972824005258,0,4.1441793764701,2.54338326303558,0,1.20917785230163,0,0,0,2.89827693740328,0,0,0,5.51988745601664,0,0,1.47955243525356,0,0,0,1.35098587078419,2.43317557494036,0,0,0,2.54696691839323,0,0.403904553296564
"LTF",0,0,0,0,1.04784832076557,0,0,0,1.66769645376049,0,0,0,0,2.19165670467933,0,1.69613939689087,0,3.06134369221357,4.31264577503214,0,2.74037240642779,4.13659197552944,0,1.55609521086889,2.39926002598991,0.216207017717795,0,0,3.22272383346437,4.39504405259063,0.81617406672234,0,2.87475469495867,0,0,0,0.735084609640207,0.895377927623948,0,1.17234948158388,0,0,0,0,0,0,4.79126731395693,0,3.98134376274474,0,0,0,0,0,1.38373109670133,0,0,0,0.190380291348377,0,0,0,0,0,0,2.03142628881954,0,0,2.03514476014304,0,1.90439957779139,0,0,0,0,0,0,0,3.7751716133075,0,1.87014347759628,0,0,0,0,1.7501321145042,1.63105287575367,0,0,0,0,0,0.40139037157573,3.1100627215882,2.22489673977225,0.818220922056648,0,0,0,2.28349230040468,2.06637798955107,0,0,3.05193350930851,1.52200579460875,0,0,0,0,2.74308805784308,3.06085874490753,0,1.4139254516296,0,0,0,2.305179636505,3.33808615756819,0,0,0.521391019945208,0.668585387195429,0,0,0.921512360628546,0,0,1.88194110154584,1.55338037600055,3.65418477751679,0.589391157825558,0,0,0,0,0,0,0,0,0.965455382761668,0,2.41488530403829,0,0,0,0,2.64307637257139,0,0,0,0,0,0,1.75964777056072,0,0,0,0,0,3.11806112783865,1.45208309145989,0,1.52452644870035,1.102628358323,0,0,0,0,0,1.17214429350599,3.57651154069363,1.78319990071857,0,0,1.49613555624523,2.71366819340643,0,0,0,0,0,0,0,0.722449482330633,0.746221631452369,0,3.1622815318928,0,0,0.762689037581192,0,0,0,0.776783616385434,2.6745150683203,0,0,0,0,0,2.02242935638894,0,0,1.96458605982008,0,1.53083619076179,2.72987202647005,0,0,0,0,0,0,0.803843306915219,0,0,3.51215197733448,0,0,0,0,0,0,0,0,3.00451160397126,0,0,0,0,0.241411666802583,0,0,0,0,0,0,1.85799801558909,0,0,0,0,1.04129618024181,1.82501912224963,0,0.713447738596902,0,2.04309047617057,3.22969091676493,0,0,0,2.75956043448145,0,0,0,3.23906284578818,2.10456978768456,0,0,0,0,2.56111793514998,0,0,0,0,0,0,0,0,0,0,1.11749615371311,0,2.37547280874254,0,0,0,3.20100207813471,0,1.28973109369553,0,0,0,0,0,0,0,0,0,2.16102152867226,0,0,1.92408123927092,0,0,0,0,0,0,0,0,0,4.24963539631066,1.00379176136432,2.72026839821151,1.59417896359961,2.07212607448378,0,5.17413656685411,0,0,0,0,3.34827721827639,0,0,0,0,0,1.71627751929071,0,0,3.60316593583991,1.87993889363666,0,0,4.16377589829719,0,4.41196739910061,0,0,0,0,0,0,4.18441638536484,2.58553459431423,2.89719772296656,2.35062916563092,0,0,3.63191197942745,0.300973043048742,0,3.54597482356131,0,0.898631720637338,3.52949716004058,0,0,0,0,0,0,0,0,0,0,0,0,0,0,0,0,0,0,0,0,0,0,2.4779685171541,0,3.20090383186035,2.78843316655363,0.168912337592127,0,2.58368789123146,3.4937963190499,0.601289686186985,0,0,0,0.351460276194285,0,2.58862685503634,1.85078388857223,0,2.80151706241225,0,0,0,0,2.88015308344385,0,1.54741120247495,1.83660360848554,2.48954852222193,3.19897051246934,0,0,0,3.38680864421006,0.867130640057247,0,0,0,0,0,1.47955243525356,0,0,0,0,3.29537475878723,0,0,0,2.32336642943505,0,0
